hotel,email,hht_listing_url,hotel_website,contact_page
Aashram Hotel by Niagara River,,https://hotelhottubs.com/new-york/aashram-hotel-by-niagara-river,https://aashramhotel.com,https://aashramhotel.com/press
Akwaaba Mansion Bed & Breakfast,reservations@akwaaba.com,https://hotelhottubs.com/new-york/akwaaba-mansion-bed-and-breakfast,https://akwaaba.com,https://akwaaba.com/press
Asheville River Cabins,,https://hotelhottubs.com/north-carolina/asheville-river-cabins,https://ashevillerivercabins.com,https://ashevillerivercabins.com/contact/press-kit
Ashland Hills Hotel & Suites,,https://hotelhottubs.com/oregon/ashland-hills-hotel-and-suites,https://ashlandhillshotel.com,https://ashlandhillshotel.com/press
Atlantis Casino Resort Spa,,https://hotelhottubs.com/nevada/atlantis-casino-resort-spa,https://atlantiscasino.com,https://atlantiscasino.com/public-relations/press-room
Basswood RV Resort,camp@basswoodresort.com,https://hotelhottubs.com/missouri/basswood-rv-resort,https://basswoodresort.com,https://basswoodresort.com/blog
Best Western Beacon Inn,,https://hotelhottubs.com/michigan/best-western-beacon-inn,https://bestwestern.com/en_US/book/hotels-in-grand-haven/best-western-beacon-inn/propertyCode.23062.html,
Best Western Copper Hills Inn,,https://hotelhottubs.com/arizona/best-western-copper-hills-inn,https://bestwestern.com/en_US/book/hotels-in-globe/best-western-copper-hills-inn/propertyCode.03158.html,https://bestwestern.com/en_US/book/hotels-in-globe/best-western-copper-hills-inn/propertyCode.03158.html
Best Western Plus Strawberry Inn & Suites,,https://hotelhottubs.com/tennessee/best-western-plus-strawberry-inn-and-suites,https://bestwestern.com/en_US/book/hotels-in-knoxville/best-western-plus-strawberry-inn-suites/propertyCode.43160.html,https://bestwestern.com/en_US/book/knoxville/hotel-rooms/best-western-plus-strawberry-inn-suites/propertyCode.43160.html
Big Cypress Lodge,,https://hotelhottubs.com/tennessee/big-cypress-lodge,https://big-cypress.com,https://big-cypress.com/contact
Bourbon Orleans Hotel,,https://hotelhottubs.com/louisiana/bourbon-orleans-hotel,https://bourbonorleans.com,https://bourbonorleans.com/press-awards
Breakers Boutique Inn,breakersinn1@gmail.com,https://hotelhottubs.com/washington/breakers-boutique-inn,https://breakerboutiqueinn.com,https://breakerboutiqueinn.com/contact-us
Bungalows Key Largo,,https://hotelhottubs.com/florida/bungalows-key-largo,https://bungalowskeylargo.com,https://bungalowskeylargo.com/press
Campbell Inn,,https://hotelhottubs.com/california/campbell-inn,https://campbellinn.com,https://campbellinn.com/contact-us
Cedar Creek Hotel And Conference Center,,https://hotelhottubs.com/wisconsin/cedar-creek-hotel-and-conference-center,https://hotelcedarcreek.com,
Centrella Hotel,,https://hotelhottubs.com/california/centrella-hotel,https://kirkwoodcollection.com/centrella-hotel,https://kirkwoodcollection.com/centrella-hotel/contact
Chateau on the Lake Resort Spa & Convention Center,,https://hotelhottubs.com/missouri/chateau-on-the-lake-resort-spa-and-convention-center,https://chateauonthelake.com,https://chateauonthelake.com/press
Chatham Bars Inn – Chatham,bpatkoske@chathambarsinn.com,https://hotelhottubs.com/massachusetts/chatham-bars-inn-chatham,https://chathambarsinn.com,https://chathambarsinn.com/life-at-the-inn/press
Creekhaven Inn & Spa,innkeeper@creekhaveninn.com,https://hotelhottubs.com/texas/creekhaven-inn-and-spa,https://creekhaveninn.com,https://creekhaveninn.com/media
Cuthbert House,concierge@cuthberthouse.com,https://hotelhottubs.com/south-carolina/cuthbert-house,https://cuthberthouse.com,https://cuthberthouse.com/press
Edgewater Hotel and Waterpark,,https://hotelhottubs.com/minnesota/edgewater-hotel-and-waterpark,https://duluthwaterpark.com,https://duluthwaterpark.com/contact
Emerson Resort & Spa,info@emersonresort.com,https://hotelhottubs.com/new-york/emerson-resort-and-spa,https://emersonresort.com,https://emersonresort.com/press
Ester Lee Oceanview Inn,,https://hotelhottubs.com/oregon/ester-lee-oceanview-inn,https://esterlee.com,https://esterlee.com/contact-us
"Gabriel's, A Provincetown Hotel",info@provincetownhotel.com,https://hotelhottubs.com/massachusetts/gabriel-s-a-provincetown-hotel,https://provincetownhotel.com,https://provincetownhotel.com/media
Garden Street Inn,,https://hotelhottubs.com/california/garden-street-inn,https://kirkwoodcollection.com/garden-street-inn,https://kirkwoodcollection.com/garden-street-inn/contact
Gatlinburg Town Square by Exploria Resorts,,https://hotelhottubs.com/tennessee/gatlinburg-town-square-by-exploria-resorts,https://gatlinburgtownsquare.com,https://gatlinburgtownsquare.com/press
Grand Crowne Resort,,https://hotelhottubs.com/missouri/grand-crowne-resort,https://grandcrownebranson.com,https://grandcrownebranson.com/contact
Grand Pequot Tower At Foxwoods,publicrelations@foxwoods.com,https://hotelhottubs.com/connecticut/grand-pequot-tower-at-foxwoods,https://foxwoods.com,https://foxwoods.com/press/2025-02-15-foxwoods-resort-casino-marks-33-years-of-unmatched-hospitality-and-innovation
Grand Sierra Resort and Casino,info@grandsierraresort.com,https://hotelhottubs.com/nevada/grand-sierra-resort-and-casino,https://grandsierraresort.com,https://grandsierraresort.com/press-and-media
Haltom Inn Fort Worth,,https://hotelhottubs.com/texas/haltom-inn-fort-worth,https://haltominn.com,https://haltominn.com/press
Hard Rock Hotel & Casino,shannon.pauling@hardrockcasinosiouxcity.com,https://hotelhottubs.com/iowa/hard-rock-hotel-and-casino,https://hardrockcasinosiouxcity.com,https://hardrockcasinosiouxcity.com/news
Hillbrook Inn,info@hillbrookinn.com,https://hotelhottubs.com/west-virginia/hillbrook-inn,https://hillbrookinn.com,https://hillbrookinn.com/press.html
Hoʻolei Villas At Grand Wailea,,https://hotelhottubs.com/hawaii/ho-olei-villas-at-grand-wailea,https://grandwailea.com,https://grandwailea.com/press
Holiday House Palm Springs,pr@holidayhouseps.com,https://hotelhottubs.com/california/holiday-house-palm-springs,https://holidayhouseps.com,https://holidayhouseps.com/press
Hotel Bardo Savannah,,https://hotelhottubs.com/georgia/hotel-bardo-savannah,https://staybardo.com,https://staybardo.com/press
Hotel Joaquin,pr@hoteljoaquin.com,https://hotelhottubs.com/california/hotel-joaquin,https://hoteljoaquin.com,https://hoteljoaquin.com/press
Inn and Spa at Parkside,info@innatparkside.com,https://hotelhottubs.com/california/inn-and-spa-at-parkside,https://innatparkside.com,https://innatparkside.com/featured-press
Inn at 500 Capitol,reservations@innat500.com,https://hotelhottubs.com/idaho/inn-at-500-capitol,https://innat500.com,https://innat500.com/inn-at-500-capitol-press-room
Inn at Mystic,reservations@innatmystic.com,https://hotelhottubs.com/connecticut/inn-at-mystic,https://innatmystic.com,https://innatmystic.com/press
Kimpton Gray Hotel,media@kimptongroup.com,https://hotelhottubs.com/illinois/kimpton-gray-hotel,https://grayhotelchicago.com,https://grayhotelchicago.com/press-room
Kimpton Hotel Monaco Baltimore Inner Harbor,front.office@monaco-baltimore.com,https://hotelhottubs.com/maryland/kimpton-hotel-monaco-baltimore-inner-harbor,https://monaco-baltimore.com,https://monaco-baltimore.com/press-room
Kimpton Hotel Monaco Denver,media@kimptongroup.com,https://hotelhottubs.com/colorado/kimpton-hotel-monaco-denver,https://monaco-denver.com,https://monaco-denver.com/press-room
Kimpton Hotel Palomar Los Angeles Beverly Hills,media@kimptongroup.com,https://hotelhottubs.com/california/kimpton-hotel-palomar-los-angeles-beverly-hills,https://hotelpalomar-beverlyhills.com,https://hotelpalomar-beverlyhills.com/press-room
Kimpton Hotel Palomar Philadelphia,media@kimptongroup.com,https://hotelhottubs.com/pennsylvania/kimpton-hotel-palomar-philadelphia,https://hotelpalomar-philadelphia.com,https://hotelpalomar-philadelphia.com/press-room
Kimpton Hotel Vintage Portland,media@kimptongroup.com,https://hotelhottubs.com/oregon/kimpton-hotel-vintage-portland,https://hotelvintage-portland.com,https://hotelvintage-portland.com/press-room
Kimpton Hotel Vintage Seattle,media@kimptongroup.com,https://hotelhottubs.com/washington/kimpton-hotel-vintage-seattle,https://hotelvintage-seattle.com,https://hotelvintage-seattle.com/press-room
Kimpton Marlowe Hotel,media@kimptongroup.com,https://hotelhottubs.com/massachusetts/kimpton-marlowe-hotel,https://hotelmarlowe.com,https://hotelmarlowe.com/press-room
Kimpton Miralina Resort And Villas by IHG,miralina@thepointpr.com,https://hotelhottubs.com/arizona/kimpton-miralina-resort-and-villas-by-ihg,https://miralinaresort.com,https://miralinaresort.com/press-room
Kimpton Rowan Palm Springs Hotel,media@kimptongroup.com,https://hotelhottubs.com/california/kimpton-rowan-palm-springs-hotel,https://rowanpalmsprings.com,https://rowanpalmsprings.com/press-room
Kimpton Vero Beach Hotel & Spa,media@kimptongroup.com,https://hotelhottubs.com/florida/kimpton-vero-beach-hotel-and-spa,https://verobeachhotelandspa.com,https://verobeachhotelandspa.com/press-room
Kodiak Mountain Resort,kodiakmountainresort@gmail.com,https://hotelhottubs.com/wyoming/kodiak-mountain-resort,https://kodiakmountainresort.com,https://kodiakmountainresort.com/press
La Maison in Midtown,states713-529-3600info@lamaisonmidtown.com,https://hotelhottubs.com/texas/la-maison-in-midtown,https://lamaisonmidtown.com,https://lamaisonmidtown.com/reviews-/-in-the-press
Laurel Point Resort,,https://hotelhottubs.com/tennessee/laurel-point-resort,https://laurelpointresort.com,https://laurelpointresort.com/press
Lodge On The Desert,info@lodgeonthedesert.com,https://hotelhottubs.com/arizona/lodge-on-the-desert,https://lodgeonthedesert.com,https://lodgeonthedesert.com/contact
Lookout Inn of New Orleans,kelly@lookoutneworleans.com,https://hotelhottubs.com/louisiana/lookout-inn-of-new-orleans,https://lookoutneworleans.com,https://lookoutneworleans.com/press
M Resort Spa & Casino,guestservices@pngaming.com,https://hotelhottubs.com/nevada/m-resort-spa-and-casino,https://themresort.com,https://themresort.com/about-us/press
Magazine Mansion,,https://hotelhottubs.com/louisiana/magazine-mansion,https://magazinemansion.com,
Magnolia Streamside Resort,info@magnoliastreamside.com,https://hotelhottubs.com/pennsylvania/magnolia-streamside-resort,https://magnoliastreamside.com,https://magnoliastreamside.com/press
Maison Perrier,innkeeper@maisonperrier.com,https://hotelhottubs.com/louisiana/maison-perrier,https://maisonperrier.com,https://maisonperrier.com/reviews-press
Market Pavilion Hotel,info@marketpavilion.com,https://hotelhottubs.com/south-carolina/market-pavilion-hotel,https://marketpavilion.com,https://marketpavilion.com/contact.cfm
Maxwell Mansion,,https://hotelhottubs.com/wisconsin/maxwell-mansion,https://staymaxwell.com,https://staymaxwell.com/press-accolades
Mayflower Park Hotel,mayflowerpark@mayflowerpark.com,https://hotelhottubs.com/washington/mayflower-park-hotel,https://mayflowerpark.com,https://mayflowerpark.com/seattle-hotel/press
Meadowbrook Inn,info@meadowbrook-inn.com,https://hotelhottubs.com/north-carolina/meadowbrook-inn,https://meadowbrook-inn.com,https://meadowbrook-inn.com/press-room
Miracle Springs Resort and Spa,hotel@miraclesprings.com,https://hotelhottubs.com/california/miracle-springs-resort-and-spa,https://miraclesprings.com,https://miraclesprings.com/press
Morongo Casino Resort & Spa,simonfarmer@morongo.com,https://hotelhottubs.com/california/morongo-casino-resort-and-spa,https://morongocasinoresort.com,https://morongocasinoresort.com/press
Morris House Hotel,,https://hotelhottubs.com/pennsylvania/morris-house-hotel,https://morrishousehotel.com,https://morrishousehotel.com/ourpress
Mount Airy Casino Resort Spa,,https://hotelhottubs.com/pennsylvania/mount-airy-casino-resort-spa,https://mountairycasino.com,https://mountairycasino.com/press
Mountainaire Inn and Log Cabins,info@mountainazalea.com,https://hotelhottubs.com/north-carolina/mountainaire-inn-and-log-cabins,https://mountainaireinn.com,https://mountainaireinn.com/press-room
Newport Beach Hotel & Suites,,https://hotelhottubs.com/rhode-island/newport-beach-hotel-and-suites-middletown,https://newportbeachhotelandsuites.com,https://newportbeachhotelandsuites.com/media
Norwood Inn & Suites Roseville,info@norwoodinn.com,https://hotelhottubs.com/minnesota/norwood-inn-and-suites-roseville,https://norwoodinn.com,https://norwoodinn.com/hoteldetails/Norwood-Inn-roseville/4007
Ocean Sands Beach Boutique Inn - 1 Acre Private Beach,,https://hotelhottubs.com/florida/ocean-sands-beach-boutique-inn-1-acre-private-beach,https://oceansandsvilanobeach.com,https://oceansandsvilanobeach.com/contact-us/media-hosting
Olema House,guestservices@olemahouse.com,https://hotelhottubs.com/california/olema-house,https://olemahouse.com,https://olemahouse.com/press
Overleaf Lodge & Spa,reservations@overleaflodge.com,https://hotelhottubs.com/oregon/overleaf-lodge-and-spa,https://overleaflodge.com,https://overleaflodge.com/press-room
Peppermill Resort Spa Casino,,https://hotelhottubs.com/nevada/peppermill-resort-spa-casino,https://peppermillreno.com,https://peppermillreno.com/about-us/press-room
Portlander Inn,sara.myers@jubitz.com,https://hotelhottubs.com/oregon/portlander-inn,https://jubitz.com/portlander-inn,https://jubitz.com/about
Proctor Mansion Inn,info@proctormansion.com,https://hotelhottubs.com/massachusetts/proctor-mansion-inn,https://proctormansion.com,https://proctormansion.com/about
Queen Anne,stay@queenanne.com,https://hotelhottubs.com/california/queen-anne,https://queenanne.com,https://queenanne.com/our-hotel/contact-us
Red Horse Inn,reservations@redhorseinncapecod.com,https://hotelhottubs.com/massachusetts/red-horse-inn,https://redhorseinncapecod.com,https://redhorseinncapecod.com/press
Riverview Resort,,https://hotelhottubs.com/massachusetts/riverview-resort,https://theriverviewresort.com,https://theriverviewresort.com/contact
Sage Hill Inn & Spa,info@sagehill.com,https://hotelhottubs.com/texas/sage-hill-inn-and-spa,https://sagehill.com,https://sagehill.com/awards-press
Saint John’s Resort,stjohnsresort@diamondpr.com,https://hotelhottubs.com/michigan/saint-john-s-resort,https://saintjohnsresort.com,https://saintjohnsresort.com/press
Sand Hollow Resort,hello@sandhollowresorts.com,https://hotelhottubs.com/utah/sand-hollow-resort,https://sandhollowresort.com,https://sandhollowresort.com/blog
Sandaway Suites & Beach,info@sandaway.com,https://hotelhottubs.com/maryland/sandaway-suites-and-beach,https://sandaway.com,https://sandaway.com/press-media
Saybrook Point Resort & Marina,,https://hotelhottubs.com/connecticut/saybrook-point-resort-and-marina,https://saybrook.com,https://saybrook.com/press/property-fact-sheet
Scottsdale Camelback Resort,info@scrstaff.com,https://hotelhottubs.com/arizona/scottsdale-camelback-resort,https://scottsdalecamelback.com,https://scottsdalecamelback.com/contact-us
Seminole Hard Rock Hotel & Casino Tampa,lindsey.lorelei@seminolehardrock.com,https://hotelhottubs.com/florida/seminole-hard-rock-hotel-and-casino-tampa,https://casino.hardrock.com/tampa,https://casino.hardrock.com/tampa/newsroom
Shutters on the Beach,shutters@ballantinespr.com,https://hotelhottubs.com/california/shutters-on-the-beach,https://shuttersonthebeach.com,https://shuttersonthebeach.com/press
Sierra Grande,info@sierragrandelodge.com,https://hotelhottubs.com/new-mexico/sierra-grande,https://tedturnerreserves.com/sierra-grande,https://tedturnerreserves.com/press
Stanley Hotel,info@stanleyhotel.com,https://hotelhottubs.com/colorado/stanley-hotel,https://stanleyhotel.com,https://stanleyhotel.com/press
Sundance Mountain Resort,press@sundanceresort.com,https://hotelhottubs.com/utah/sundance-mountain-resort,https://sundanceresort.com,https://sundanceresort.com/press-room
Sundara Inn and Spa,,https://hotelhottubs.com/wisconsin/sundara-inn-and-spa,https://sundaraspa.com,https://sundaraspa.com/press-room
Sycamore Mineral Springs Resort & Spa,marketing@smsr.com,https://hotelhottubs.com/california/sycamore-mineral-springs-resort-and-spa,https://sycamoresprings.com,https://sycamoresprings.com/social-media-and-photography-collaboration-inquiry
Table Mountain Inn,press@ajcpt.com,https://hotelhottubs.com/colorado/table-mountain-inn,https://tablemountaininn.com,https://tablemountaininn.com/press-room
Teton Mountain Lodge & Spa,area@zimmerman.com,https://hotelhottubs.com/wyoming/teton-mountain-lodge-and-spa,https://tetonlodge.com,https://tetonlodge.com/press-awards
The Atlantic Hotel & Spa,info@atlantichotelfl.com,https://hotelhottubs.com/florida/the-atlantic-hotel-and-spa,https://atlantichotelfl.com,https://atlantichotelfl.com/press
The Beachcomber Motel and Spa on the Beach,info@thebeachcombermotel.com,https://hotelhottubs.com/california/the-beachcomber-motel-and-spa-on-the-beach,https://thebeachcombermotel.com,https://thebeachcombermotel.com/contact
The Brazilian Court Hotel & Beach Club,bc@ballantinespr.com,https://hotelhottubs.com/florida/the-brazilian-court-hotel-and-beach-club,https://thebraziliancourt.com,https://thebraziliancourt.com/press
The Broadmoor,,https://hotelhottubs.com/colorado/the-broadmoor,https://broadmoor.com,https://broadmoor.com/media-center
The Chateau at Lake La Quinta,,https://hotelhottubs.com/california/the-chateau-at-lake-la-quinta,https://thechateau.com,https://thechateau.com/contact-us
The Claridge Hotel,reservations@claridge.com,https://hotelhottubs.com/new-jersey/the-claridge-hotel,https://claridge.com,https://claridge.com/in-the-media
The Cliff House at Pikes Peak,info@thecliffhouse.com,https://hotelhottubs.com/colorado/the-cliff-house-at-pikes-peak,https://thecliffhouse.com,https://thecliffhouse.com/about-cliffhouse/pikes-peak-awards-and-press
The Coho Oceanfront Lodge,reservations@thecoholodge.com,https://hotelhottubs.com/oregon/the-coho-oceanfront-lodge,https://thecoholodge.com,https://thecoholodge.com/press-coverage.php
The Cottage Inn & Spa,info@cottageinnandspa.com,https://hotelhottubs.com/california/the-cottage-inn-and-spa,https://cottageinnandspa.com,https://cottageinnandspa.com/press
The Dan’l Webster Inn & Spa,info@danlwebsterinn.com,https://hotelhottubs.com/massachusetts/the-dan-l-webster-inn-and-spa,https://danlwebsterinn.com,https://danlwebsterinn.com/contact
The Empress Of Little Rock,hostess@theempress.com,https://hotelhottubs.com/arkansas/the-empress-of-little-rock,https://theempress.com,https://theempress.com/about
The Forest Villas Hotel,welcome@forestvillas.com,https://hotelhottubs.com/arizona/the-forest-villas-hotel,https://forestvillas.com,https://forestvillas.com/contact
The Graham Georgetown,info@thegrahamgeorgetown.com,https://hotelhottubs.com/district-of-columbia/the-graham-georgetown,https://thegrahamgeorgetown.com,https://thegrahamgeorgetown.com/the-graham-georgetown-endorsement-press-mentions
The Grandview at Las Vegas,grandviewdmr@vacatia.com,https://hotelhottubs.com/nevada/the-grandview-at-las-vegas,https://grandviewatlasvegas.com,https://grandviewatlasvegas.com/contact-us
The Harbor Front Inn,arbus@bacchus.agency,https://hotelhottubs.com/new-york/the-harbor-front-inn,https://theharborfrontinn.com,https://theharborfrontinn.com/press
The Hermitage Hotel,reservations@thehermitagehotel.com,https://hotelhottubs.com/tennessee/the-hermitage-hotel,https://thehermitagehotel.com,https://thehermitagehotel.com/press-room
The Inn at Lost Creek,frontdesk@innatlostcreek.com,https://hotelhottubs.com/colorado/the-inn-at-lost-creek,https://innatlostcreek.com,https://innatlostcreek.com/awards
The Inn at Ocean’s Edge,info@innatoceansedge.com,https://hotelhottubs.com/maine/the-inn-at-ocean-s-edge,https://innatoceansedge.com,https://innatoceansedge.com/sitewide-assets/media
The Inn at Westwynd Farm,innkeeper@westwyndfarminn.com,https://hotelhottubs.com/pennsylvania/the-inn-at-westwynd-farm,https://westwyndfarminn.com,https://westwyndfarminn.com/contact
The Ivy Hotel,reservation@theivybaltimore.com,https://hotelhottubs.com/maryland/the-ivy-hotel,https://theivybaltimore.com,https://theivybaltimore.com/press
The Landing Lake Tahoe Resort & Spa,,https://hotelhottubs.com/california/the-landing-lake-tahoe-resort-and-spa,https://thelandingtahoe.com,https://thelandingtahoe.com/news
The Lodge at Columbia Point,,https://hotelhottubs.com/washington/the-lodge-at-columbia-point,https://lodgeatcolumbiapoint.com,https://lodgeatcolumbiapoint.com/about/contact
The Lodge at Tiburon,tibfrontdesk@lodgeattiburon.com,https://hotelhottubs.com/california/the-lodge-at-tiburon,https://lodgeattiburon.com,https://lodgeattiburon.com/contact-us
The Marker San Francisco,,https://hotelhottubs.com/california/the-marker-san-francisco,https://themarkersf.com,https://themarkersf.com/press
The Pinch Charleston,press@thepinch.com,https://hotelhottubs.com/south-carolina/the-pinch-charleston,https://thepinch.com,https://thepinch.com/press
The Resort at Governor’s Crossing,reservations@smrhotels.com,https://hotelhottubs.com/tennessee/the-resort-at-governor-s-crossing,https://resortatgovernorscrossing.com,https://resortatgovernorscrossing.com/awards--press
"The San Luis Resort, Spa and Conference Center",landrys@dpwpr.com,https://hotelhottubs.com/texas/the-san-luis-resort-spa-and-conference-center,https://sanluisresort.com,https://sanluisresort.com/pressroom
The Setting Inn Willamette Valley,reservations@thesettinginn.com,https://hotelhottubs.com/oregon/the-setting-inn-willamette-valley,https://thesettinginn.com/willamette,https://thesettinginn.com/napa-valley/press
The Shawnee Inn and Golf Resort,jwo@shawneeinn.com,https://hotelhottubs.com/pennsylvania/the-shawnee-inn-and-golf-resort,https://shawneeinn.com,https://shawneeinn.com/press-release
The Venetian Resort,publicrelations@venetianlasvegas.com,https://hotelhottubs.com/nevada/the-venetian-resort,https://venetianlasvegas.com,https://venetianlasvegas.com/media.html
The Victoria Inn Bed & Breakfast,contact@thevictoriainn.com,https://hotelhottubs.com/new-hampshire/the-victoria-inn-bed-and-breakfast,https://thevictoriainn.com,https://thevictoriainn.com/media
The Village At Indian Point,info@thevillageatindianpoint.com,https://hotelhottubs.com/missouri/the-village-at-indian-point,https://thevillageatindianpoint.com,https://thevillageatindianpoint.com/media
The Wayside Inn,waysideinnec@gmail.com,https://hotelhottubs.com/maryland/the-wayside-inn,https://waysideinnmd.com,https://waysideinnmd.com/press
The Wentworth Inn,reservations@thewentworth.com,https://hotelhottubs.com/new-hampshire/the-wentworth-inn,https://thewentworth.com,https://thewentworth.com/news-press
Truckerz Inn,,https://hotelhottubs.com/texas/truckerz-inn,https://truckerz.online,
Tulalip Resort Casino,dan.miller@curatorpr.com,https://hotelhottubs.com/washington/tulalip-resort-casino,https://everythingtulalip.com/casino-properties/tulalip-resort-casino,https://everythingtulalip.com/press-room
"Vacation Village at Parkway, FL",parkway@vacatia.com,https://hotelhottubs.com/florida/vacation-village-at-parkway-fl,https://parkwayorlando.com,https://parkwayorlando.com/contact-us
Vacation Village at Williamsburg,vvwfrontdesk@dmresorts.com,https://hotelhottubs.com/virginia/vacation-village-at-williamsburg,https://vacationvillageresorts.com/williamsburg_plantation,https://vacationvillageresorts.com/vacation_village_williamsburg/directions.html
Vibe Inn - Whirlpool Suites,,https://hotelhottubs.com/illinois/vibe-inn-whirlpool-suites,,
Volcano Village Estates,,https://hotelhottubs.com/hawaii/volcano-village-estates,https://volcanovillageestates.com,https://volcanovillageestates.com/press-media
Water's Edge Inn,info@innatfollybeach.com,https://hotelhottubs.com/south-carolina/water-s-edge-inn,https://innatfollybeach.com,https://innatfollybeach.com/press
Watkins Glen Harbor Hotel,ldesantis@harthotels.com,https://hotelhottubs.com/new-york/watkins-glen-harbor-hotel,https://watkinsglenharborhotel.com,https://watkinsglenharborhotel.com/press
White Mountain Hotel & Resort,info@whitemountainhotel.com,https://hotelhottubs.com/new-hampshire/white-mountain-hotel-and-resort,https://whitemountainhotel.com,https://whitemountainhotel.com/accolades-press
White Oaks Resort & Spa,jlepp@whiteoaksresort.com,https://hotelhottubs.com/new-york/white-oaks-resort-and-spa,https://whiteoaksresort.com,https://whiteoaksresort.com/press
Whiteface Lodge,whitefacelodgepr@mower.com,https://hotelhottubs.com/new-york/whiteface-lodge,https://thewhitefacelodge.com,https://thewhitefacelodge.com/press-room
XV Beacon Hotel,concierge@xvbeacon.com,https://hotelhottubs.com/massachusetts/xv-beacon-hotel,https://xvbeacon.com,https://xvbeacon.com/contact-directions
