"hotel_name","hotel_website","press_contact_page"
"Gatlinburg Town Square by Exploria Resorts","https://gatlinburgtownsquare.com/","https://gatlinburgtownsquare.com/press"
"Grand Crowne Resort","http://www.grandcrownebranson.com/","https://grandcrownebranson.com/press"
"Riverview Resort","https://www.theriverviewresort.com/","https://theriverviewresort.com/press"
"Hillbrook Inn","https://hillbrookinn.com/","https://hillbrookinn.com/press.html"
"Lake Lawn Resort","https://lakelawnresort.com/","https://lakelawnresort.com/newsroom-press"
"Sundara Inn and Spa","https://sundaraspa.com/","https://sundaraspa.com/press-room"
"Wentworth Mansion","https://wentworthmansion.com/","https://wentworthmansion.com/press"
"Lookout Inn of New Orleans","https://lookoutneworleans.com/","https://lookoutneworleans.com/press"
"The Inn at Lost Creek","http://www.innatlostcreek.com/","https://innatlostcreek.com/awards"
"Creekhaven Inn & Spa","https://creekhaveninn.com/","https://creekhaveninn.com/media"
"Best Western Plus Strawberry Inn & Suites","https://www.bestwestern.com/en_US/book/hotels-in-knoxville/best-western-plus-strawberry-inn-suites/propertyCode.43160.html","https://strawberryhotels.com/press-room"
"Akwaaba Mansion Bed & Breakfast","https://akwaaba.com/","https://akwaaba.com/press"
"Hard Rock Hotel & Casino","https://hardrockcasinosiouxcity.com/","https://hardrockcasinosiouxcity.com/news"
"Inn On Fifth","https://www.innonfifth.com/","https://innonfifth.com/awards-press"
"The Lodge at Spruce Peak","https://sprucepeak.com/","https://sprucepeak.com/press-room"
"Tower23 Hotel","https://t23hotel.com/","https://t23hotel.com/media"
"Morris House Hotel","https://morrishousehotel.com/","https://morrishousehotel.com/ourpress"
"Sand Hollow Resort","https://sandhollowresort.com/","https://sandhollowresort.com/blog"
"Balboa Bay Resort","https://balboabayresort.com/","https://balboabayresort.com/press"
"Best Western Of Lake George","https://www.bestwestern.com/en_US/book/hotels-in-lake-george/best-western-of-lake-george/propertyCode.33029.html",
"Salishan Coastal Lodge By SCP Hotels","https://salishan.com/","https://salishan.com/news-room"
"Cannery Pier Hotel & Spa","https://cannerypierhotel.com/","https://cannerypierhotel.com/cannery-pier-hotel-pr-media-requests"
"Headlands Coastal Lodge & Spa","https://headlandslodge.com/","https://headlandslodge.com/press"
"Kimpton Gray Hotel","https://www.grayhotelchicago.com/","https://grayhotelchicago.com/press-room"
"Kimpton Hotel Palomar Philadelphia","https://www.hotelpalomar-philadelphia.com/","https://hotelpalomar-philadelphia.com/press-room"
"Little America Hotel","https://flagstaff.littleamerica.com/","https://flagstaff.littleamerica.com/media-resources"
"MADE Hotel","https://www.madehotels.com/","https://madehotels.com/press"
"Monterey Plaza Hotel & Spa","https://montereyplazahotel.com/","https://montereyplazahotel.com/press"
"The Essex Resort & Spa","https://essexresort.com/","https://essexresort.com/press-media"
"The Inn at Westwynd Farm","https://westwyndfarminn.com/","https://westwyndfarminn.com/media"
"The Ivy Hotel","https://www.theivybaltimore.com/","https://theivybaltimore.com/press"
"20 South Battery","https://20southbattery.com/","https://20southbattery.com/in-the-news"
"Aashram Hotel by Niagara River","https://aashramhotel.com/","https://aashramhotel.com/press"
"Acqua Hotel Mill Valley","https://acquahotel.com/","https://acquahotel.com/hotel/press"
"Afton House Inn","https://aftonhouseinn.com/","https://aftonhouseinn.com/contact-us"
"Albemarle Inn","https://albemarleinn.com/","https://albemarleinn.com/press-and-accolades.html"
"Andrew Pinckney Inn","https://www.andrewpinckneyinn.com/","https://andrewpinckneyinn.com/press"
"Anniversary Inn","https://anniversaryinn.com/","https://anniversaryinn.com/media"
"Asheville River Cabins","https://www.ashevillerivercabins.com/","https://ashevillerivercabins.com/contact/press-kit"
"Ashland Hills Hotel & Suites","https://ashlandhillshotel.com/","https://ashlandhillshotel.com/press"
"Atlantis Casino Resort Spa","https://atlantiscasino.com/","https://atlantiscasino.com/public-relations/press-room"
"Azure Palm Hot Springs","https://azurepalmhotsprings.com/","https://azurepalmhotsprings.com/press"
"Bahama Sands Luxury Condominiums","https://www.vacasa.com/usa/Bahama-Sands-Luxury-Condominiums/",
"Basswood RV Resort","https://basswoodresort.com/","https://basswoodresort.com/blog"
"Berlin Resort","https://berlinresort.net/",
"Bernardus Lodge & Spa","https://www.bernarduslodge.com/",
"Best Western Beacon Inn","https://www.bestwestern.com/en_US/book/hotels-in-grand-haven/best-western-beacon-inn/propertyCode.23062.html","https://beacongrand.com/press"
"Best Western Copper Hills Inn","https://copperhillsinn.com/",
"Big Cypress Lodge","http://www.big-cypress.com/","https://big-cypress.com/above-the-city-media-night"
"Black Hawk Motel & Suites","http://www.blackhawkmotel.com/","https://blackhawkmotel.com/press"
"Bourbon Orleans Hotel","https://bourbonorleans.com/","https://bourbonorleans.com/press-awards"
"Breakers Boutique Inn","https://www.breakerboutiqueinn.com/",
"Brumder Mansion B&B","https://milwaukeemansion.com/","https://milwaukeemansion.com/brumder-in-the-press"
"Bungalows Key Largo","https://www.bungalowskeylargo.com/","https://bungalowskeylargo.com/press"
"Campbell Inn","https://campbellinn.com/","https://campbellinn.com/press"
"Capitol Hill Mansion Bed & Breakfast Inn","https://capitolhillmansion.com/","https://capitolhillmansion.com/contact-us/for-the-press"
"Casino Del Sol","https://casinodelsol.com/","https://casinodelsol.com/press-room-awards"
"Cedar Creek Hotel And Conference Center","https://www.hotelcedarcreek.com/","https://hotelcedarcreek.com/social-media"
"Centennial Hotel Spokane","https://www.davenporthotelcollection.com/the-centennial/","https://davenporthotelcollection.com/press"
"Centrella Hotel","https://www.kirkwoodcollection.com/centrella-hotel/","https://kirkwoodcollection.com/press"
"Charleston Harbor Resort & Marina","https://charlestonharborresort.com/","https://charlestonharborresort.com/press.htm"
"Chateau on the Lake Resort Spa & Convention Center","https://chateauonthelake.com/","https://chateauonthelake.com/press"
"Chatham Bars Inn – Chatham","https://chathambarsinn.com/","https://chathambarsinn.com/life-at-the-inn/press"
"Coast Cabins","https://www.coastcabins.com/","https://coastcabins.com/contact/press.html"
"Country Inn & Suites by Radisson, Georgetown, KY","https://countryinngeorgetownky.com/","https://countryinngeorgetownky.com/contact/social-media"
"Cuthbert House","https://cuthberthouse.com/","https://cuthberthouse.com/press"
"Desolation Hotel","https://www.desolationhotel.com/tahoe/","https://desolationhotel.com/tahoe/press"
"Echo Mountain Inn","https://www.echomountaininn.com/","https://echomountaininn.com/AboutUs/Press-.html"
"Edgewater Hotel and Waterpark","https://duluthwaterpark.com/","https://duluthwaterpark.com/press"
"Emerson Resort & Spa","https://emersonresort.com/","https://emersonresort.com/press"
"Ester Lee Oceanview Inn","http://www.esterlee.com/","https://esterlee.com/press"
"Executive Inn & Suites","https://executiveinnoakland.com/","https://executiveinnoakland.com/media-page"
"Fairmont Sonoma Mission Inn & Spa","https://fairmont-sonoma.com/","https://fairmont-sonoma.com/press"
"Fitger's Inn","https://inn.fitgers.com/","https://inn.fitgers.com/press"
"Forest Suites Resort at Heavenly Village","https://www.forestsuites.com/","https://forestsuites.com/contact"
"Fulton Lane Inn","https://fultonlaneinn.com/","https://fultonlaneinn.com/press"
"Gabriel's, A Provincetown Hotel","https://provincetownhotel.com/","https://provincetownhotel.com/media"
"Garden Street Inn","https://www.kirkwoodcollection.com/garden-street-inn/","https://kirkwoodcollection.com/press"
"Gold Strike Casino Resort","https://www.goldstrike.com/","https://goldstrike.com/en/press-room"
"Grand Pequot Tower At Foxwoods","https://foxwoods.com/","https://foxwoods.com/press/2025-02-15-foxwoods-resort-casino-marks-33-years-of-unmatched-hospitality-and-innovation"
"Grand Sierra Resort and Casino","https://grandsierraresort.com/","https://grandsierraresort.com/press-releases/20220601-grand-sierra-resort-and-casino-heats-up-with-june-gaming-promotions-tournaments-and-giveaways"
"Haltom Inn Fort Worth","https://haltominn.com/","https://haltominn.com/press"
"Harbor Hotel 1000 Islands","http://www.1000islandsharborhotel.com/","https://1000islandsharborhotel.com/press"
"HarbourView Inn","https://harbourviewcharleston.com/","https://harbourviewcharleston.com/press"
"Heartstone Inn and Cottages","https://heartstoneinn.com/","https://heartstoneinn.com/media"
"Holiday House Palm Springs","http://holidayhouseps.com/","https://holidayhouseps.com/press"
"Holualoa Inn","https://www.holualoainn.com/","https://holualoainn.com/press-and-media"
"Hotel 43","https://hotel43.com/","https://hotel43.com/press"
"Hotel Bardo Savannah","https://www.staybardo.com/","https://staybardo.com/press"
"Hotel Glorieta","https://hotelglorietasantafe.com/","https://hotelglorietasantafe.com/blog"
"Hotel Joaquin","https://hoteljoaquin.com/","https://hoteljoaquin.com/press"
"Hotel Van Zandt","https://www.hotelvanzandt.com/","https://hotelvanzandt.com/press"
"Hoʻolei Villas At Grand Wailea","https://grandwailea.com/","https://grandwailea.com/press"
"Inn At Cape Kiwanda","https://innatcapekiwanda.com/","https://innatcapekiwanda.com/press-and-awards"
"Inn At Ellis River","https://www.innatellisriver.com/","https://innatellisriver.com/press-media"
"Inn and Spa at Parkside","https://innatparkside.com/","https://innatparkside.com/featured-press"
"Inn at 500 Capitol","https://www.innat500.com/","https://innat500.com/inn-at-500-capitol-press-room"
"Inn at Mystic","https://innatmystic.com/","https://innatmystic.com/press"
"Kimpton Hotel Monaco Baltimore Inner Harbor","https://monaco-baltimore.com/","https://monaco-baltimore.com/press-room"
"Kimpton Hotel Monaco Denver","https://www.monaco-denver.com/","https://monaco-denver.com/press-room"
"Kimpton Hotel Palomar Los Angeles Beverly Hills","https://www.hotelpalomar-beverlyhills.com/","https://hotelpalomar-beverlyhills.com/press-room"
"Kimpton Hotel Vintage Portland","https://hotelvintage-portland.com/","https://hotelvintage-portland.com/press-room"
"Kimpton Hotel Vintage Seattle","https://www.hotelvintage-seattle.com/","https://hotelvintage-seattle.com/press-room"
"Kimpton Marlowe Hotel","https://hotelmarlowe.com/","https://hotelmarlowe.com/press-room"
"Kimpton Miralina Resort And Villas by IHG","https://miralinaresort.com/","https://miralinaresort.com/press-room"
"Kimpton Rowan Palm Springs Hotel","https://www.rowanpalmsprings.com/","https://rowanpalmsprings.com/press-room"
"Kimpton Vero Beach Hotel & Spa","https://www.verobeachhotelandspa.com/","https://verobeachhotelandspa.com/press-room"
"Kodiak Mountain Resort","https://kodiakmountainresort.com/","https://kodiakmountainresort.com/press"
"La Fonda On the Plaza","https://lafondasantafe.com/","https://lafondasantafe.com/press"
"La Maison in Midtown","https://www.lamaisonmidtown.com/","https://lamaisonmidtown.com/reviews-/-in-the-press"
"Laurel Point Resort","https://laurelpointresort.com/","https://laurelpointresort.com/press"
"Limelight Denver","https://www.limelighthotels.com/denver/","https://limelighthotels.com/press"
"Lithia Springs Resort","http://lithiaspringsresort.com/","https://lithiaspringsresort.com/press"
"Lodge On The Desert","https://lodgeonthedesert.com/","https://lodgeonthedesert.com/media-coverage"
"Lookout Point Lakeside Inn","https://lookoutpointinn.com/","https://lookoutpointinn.com/press"
"Louisiana Cajun Mansion Bed & Breakfast","https://louisianacajunmansion.com/","https://louisianacajunmansion.com/press-and-awards"
"M Resort Spa & Casino","https://themresort.com/","https://themresort.com/about-us/press"
"Magazine Mansion","https://magazinemansion.com/",
"Magnolia Streamside Resort","https://magnoliastreamside.com/","https://magnoliastreamside.com/press"
"Maison Perrier","https://maisonperrier.com/","https://maisonperrier.com/reviews-press"
"Market Pavilion Hotel","https://www.marketpavilion.com/",
"Maxwell Mansion","https://staymaxwell.com/","https://staymaxwell.com/press-accolades"
"Mayflower Park Hotel","https://mayflowerpark.com/","https://mayflowerpark.com/seattle-hotel/press"
"Meadowbrook Inn","https://www.meadowbrook-inn.com/","https://meadowbrook-inn.com/press-room"
"Miracle Springs Resort and Spa","https://www.miraclesprings.com/","https://miraclesprings.com/press"
"Morongo Casino Resort & Spa","https://www.morongocasinoresort.com/","https://morongocasinoresort.com/press"
"Mount Airy Casino Resort Spa","http://www.mountairycasino.com/","https://mountairycasino.com/press"
"Mountain Shadows Resort Scottsdale","https://mountainshadows.com/","https://mountainshadows.com/media"
"Mountainaire Inn and Log Cabins","https://mountainaireinn.com/","https://mountainaireinn.com/press-room"
"Newpark Resort","https://www.newparkresort.com/","https://newparkresort.com/press/newpark-resort-named-tripadvisor-travelers-choice-awards-winner-for-2025"
"Newport Beach Hotel & Suites","https://www.newportbeachhotelandsuites.com/","https://newportbeachhotelandsuites.com/press"
"Norwood Inn & Suites Roseville","https://norwoodinn.com/","https://norwoodinn.com/press"
"Ocean Sands Beach Boutique Inn - 1 Acre Private Beach","https://oceansandsvilanobeach.com/","https://oceansandsvilanobeach.com/contact-us/media-hosting"
"Olema House","https://olemahouse.com/","https://olemahouse.com/press"
"Overleaf Lodge & Spa","https://overleaflodge.com/","https://overleaflodge.com/press-room"
"Peppermill Resort Spa Casino","https://peppermillreno.com/","https://peppermillreno.com/about-us/press-room"
"Portlander Inn","https://jubitz.com/portlander-inn/",
"Proctor Mansion Inn","http://www.proctormansion.com/","https://proctormansion.com/press"
"Queen Anne","https://www.queenanne.com/",
"Rancho Valencia Resort & Spa","https://ranchovalencia.com/","https://ranchovalencia.com/press-awards"
"Red Horse Inn","https://redhorseinncapecod.com/","https://redhorseinncapecod.com/press"
"Sage Hill Inn & Spa","https://sagehill.com/","https://sagehill.com/awards-press"
"Saint John’s Resort","https://saintjohnsresort.com/","https://saintjohnsresort.com/press"
"Sandaway Suites & Beach","https://www.sandaway.com/","https://sandaway.com/press-media"
"Sands Hotel & Spa","http://www.sandshotelandspa.com/","https://sandshotelandspa.com/press"
"Saybrook Point Resort & Marina","https://saybrook.com/","https://saybrook.com/press"
"Scottsdale Camelback Resort","https://www.scottsdalecamelback.com/",
"Seminole Hard Rock Hotel & Casino Tampa","https://casino.hardrock.com/tampa","https://casino.hardrock.com/tampa/newsroom"
"Sensei Porcupine Creek","https://sensei.com/retreats/porcupine-creek/",
"Shutters on the Beach","https://shuttersonthebeach.com/","https://shuttersonthebeach.com/press"
"Sierra Grande","https://tedturnerreserves.com/sierra-grande/","https://tedturnerreserves.com/press"
"South Point Hotel Casino-Spa","https://southpointcasino.com/","https://southpointcasino.com/press-releases/coleman-will-join-pbr-ring-of-honor-on-oct-23"
"Stanley Hotel","https://stanleyhotel.com/","https://stanleyhotel.com/press"
"Sundance Mountain Resort","https://sundanceresort.com/","https://sundanceresort.com/press-room"
"Surfsand Resort","https://surfsand.com/","https://surfsand.com/news-press"
"Sycamore Mineral Springs Resort & Spa","http://www.sycamoresprings.com/","https://sycamoresprings.com/social-media-and-photography-collaboration-inquiry"
"Table Mountain Inn","https://tablemountaininn.com/","https://tablemountaininn.com/press-room"
"Teton Mountain Lodge & Spa","https://tetonlodge.com/","https://tetonlodge.com/press-awards"
"The Atlantic Hotel & Spa","https://atlantichotelfl.com/","https://atlantichotelfl.com/press"
"The Beachcomber Motel and Spa on the Beach","https://thebeachcombermotel.com/","https://thebeachcombermotel.com/contact"
"The Brazilian Court Hotel & Beach Club","https://thebraziliancourt.com/","https://thebraziliancourt.com/press"
"The Broadmoor","https://www.broadmoor.com/","https://broadmoor.com/media-center"
"The Chanler at Cliff Walk","https://thechanler.com/","https://thechanler.com/press"
"The Chateau at Lake La Quinta","https://thechateau.com/","https://thechateau.com/contact-us"
"The Claridge Hotel","https://claridge.com/","https://claridge.com/in-the-media"
"The Cliff House at Pikes Peak","https://thecliffhouse.com/","https://thecliffhouse.com/about-cliffhouse/pikes-peak-awards-and-press"
"The Coho Oceanfront Lodge","http://www.thecoholodge.com/","https://thecoholodge.com/press-coverage.php"
"The Cottage Inn & Spa","https://cottageinnandspa.com/","https://cottageinnandspa.com/press"
"The Dan’l Webster Inn & Spa","https://danlwebsterinn.com/",
"The Edgewater Hotel","https://edgewaterhotel.com/","https://edgewaterhotel.com/press-awards"
"The Empress Of Little Rock","http://www.theempress.com/","https://theempress.com/about"
"The Forest Villas Hotel","https://www.forestvillas.com/","https://forestvillas.com/in-the-news"
"The Graham Georgetown","https://www.thegrahamgeorgetown.com/","https://thegrahamgeorgetown.com/the-graham-georgetown-endorsement-press-mentions"
"The Grandview at Las Vegas","https://www.vacationvillageresorts.com/grandview_las_vegas/",
"The Harbor Front Inn","https://www.theharborfrontinn.com/","https://theharborfrontinn.com/press"
"The Hermitage Hotel","https://thehermitagehotel.com/","https://thehermitagehotel.com/press-room"
"The Inn at Ocean’s Edge","https://innatoceansedge.com/","https://innatoceansedge.com/sitewide-assets/media"
"The Landing Lake Tahoe Resort & Spa","https://thelandingtahoe.com/","https://thelandingtahoe.com/news"
"The Lodge at Columbia Point","http://www.lodgeatcolumbiapoint.com/","https://lodgeatcolumbiapoint.com/press-media-release/doing-something-right-is-worth-the-wait"
"The Lodge at Tiburon","https://lodgeattiburon.com/","https://lodgeattiburon.com/contact-us"
"The Marker San Francisco","https://themarkersf.com/","https://themarkersf.com/press"
"The Pinch Charleston","https://www.thepinch.com/","https://thepinch.com/press"
"The Resort at Governor’s Crossing","https://resortatgovernorscrossing.com/","https://resortatgovernorscrossing.com/awards--press"
"The Rittenhouse Philadelphia","https://rittenhousehotel.com/","https://rittenhousehotel.com/press"
"The San Luis Resort, Spa and Conference Center","https://sanluisresort.com/","https://sanluisresort.com/pressroom"
"The Setting Inn Willamette Valley","https://www.thesettinginn.com/willamette/","https://thesettinginn.com/napa-valley/press"
"The Shawnee Inn and Golf Resort","https://shawneeinn.com/","https://shawneeinn.com/press-release"
"The Venetian Resort","https://www.venetianlasvegas.com/","https://venetianlasvegas.com/media/news-releases/2023/10-10-voltaire-welcomes-global-superstar-christina-aguilera-for-a-seductively-intimate-show.html"
"The Victoria Inn Bed & Breakfast","https://thevictoriainn.com/","https://thevictoriainn.com/media"
"The Village At Indian Point","http://www.thevillageatindianpoint.com/","https://thevillageatindianpoint.com/media"
"The Wayside Inn","https://waysideinnmd.com/","https://waysideinnmd.com/press"
"The Wentworth Inn","https://www.thewentworth.com/","https://thewentworth.com/news-press"
"Truckerz Inn","https://truckerz.online/","https://truckerz.online/press"
"Tulalip Resort Casino","https://www.everythingtulalip.com/casino-properties/tulalip-resort-casino/","https://everythingtulalip.com/press-room"
"Vacation Village at Parkway, FL","https://parkwayorlando.com/",
"Vacation Village at Williamsburg","https://www.vacationvillageresorts.com/williamsburg_plantation/index.html",
"Vibe Inn - Whirlpool Suites","http://plank-road-inn.poi.place/",
"Volcano Village Estates","https://volcanovillageestates.com/","https://volcanovillageestates.com/press-media"
"Von Trapp Family Lodge & Resort","https://vontrappresort.com/","https://vontrappresort.com/press.htm"
"Water's Edge Inn","https://www.innatfollybeach.com/","https://innatfollybeach.com/press"
"Watkins Glen Harbor Hotel","http://www.watkinsglenharborhotel.com/","https://watkinsglenharborhotel.com/press"
"White Mountain Hotel & Resort","http://www.whitemountainhotel.com/","https://whitemountainhotel.com/accolades-press"
"White Oaks Resort & Spa","https://whiteoaksresort.com/","https://whiteoaksresort.com/press"
"Whiteface Lodge","https://thewhitefacelodge.com/","https://thewhitefacelodge.com/press-room"
"Willows Lodge","https://willowslodge.com/","https://willowslodge.com/press"
"XV Beacon Hotel","https://xvbeacon.com/",
