"website_url","conditions","submission_page"
"https://101holidays.co.uk","2. Although we do not have strict word counts, most articles we publish are between 800 and 1,500 words. 3. Ensure your article is original and unique, with impeccable spelling and punctuation. 4. Send your article in Word format. Do not send photos, although you may tell us tha","https://101holidays.co.uk/submissions"
"https://303magazine.com",,"https://303magazine.com/media-kit"
"https://adventuress-travel-magazine.com","a special moment or tell a unique story.If you want to write something a little longer, we usually aim for 750 + words, with 3 or 4 original photos.Don't worry about your spelling, style or grammar - we can edit your contribution to make sure it's going to sparkle! We use our pro","https://adventuress-travel-magazine.com/write-for-us.html"
"https://advrider.com",,"https://advrider.com/forums"
"https://aluxurytravelblog.com",,"https://aluxurytravelblog.com/media-kit"
"https://amateurtraveler.com","good writer, you can sometimes pay me to write the article or pay me to find you a writer for $350+. Requirements I looking for posts of 2000+ words. You need to get your topic approved before you send me an article. Pitch me articles about destinations. I need to see at least ten photos | that the author has been to the destination they are writing about. Deliverables Clarified Article: 2000+ words Author’s name 2-line author bio Photos you took (again, don’t send me photos you didn’t take) Tell me which link(s) you care about email chris2x [at] gmail.com Make sure y","https://amateurtraveler.com/guest-post-guidelines"
"https://americanoutdoorsmag.com",,"https://americanoutdoorsmag.com/contribute"
"https://arosetintedworld.co.uk","posting if it is needed.More than 500 words. The maximum is up to you, I know how easy it is to write when it is from the heart. But at least 500 words, please.Please include any social media links you would like to have featured alongside your post.(Sorry, but only one link to your blog ho | sometimes life throws us lemons, but we can make great lemonade!What Else Would I Require From Your Submission?It needs to be totally original. I will not accept posts which you have already published on your own blog. I’m looking for new and original stories to share.High quality","https://arosetintedworld.co.uk/guest-post"
"https://artoftravel.tips",,"https://artoftravel.tips/write-for-us"
"https://atinytrip.com","ntent, meaning it doesn’t appear elsewhere on your website or any other website before or after we publish it.Post should have a minimum of 1200 words, be well written with correct grammar and spelling, and correct use of headings.Please include at least 3 relevant pictures that you own an","https://atinytrip.com/write-for-us"
"https://awesomemitten.com","the Google form. Let us know if you’re having any issues. Responsibilities You’ll regularly write articles for our main site (typically 1,000 words in length is what we’re looking for) to be shared with our audience of 200,000 monthly readers and our following on social media (351,000 f","https://awesomemitten.com/contribute"
"https://backpackinglight.com","About Us Jobs Terms and Policies Write for Us Advertising +1-406-640-HIKE (4453) © Beartooth Media Group Inc. × Membership Required This feature requires an active Backpacking Light Membership. Membership Login × Premium Articles You're currently viewing a free preview of a member exclusive premium article. Our premium articles include in depth journalism and insights from the Backpacking Light editorial team. Get full article access by subscribing to a Premium or Unlimited Backpacking Light membership! Membership Login × Share This Use the links below to share this content: Close × Login Username Password Remember me Forgot Password Loading...","https://backpackinglight.com/forums"
"https://beaumondetraveler.com","experience. It is more than a magazine; it is a media platform that shares information which this coveted consumer seeks out through original content, engaging video, print and digital media. Beau Monde is the platform where the next destination, hotel and/or haute experience is e","https://beaumondetraveler.com/write-for-us"
"https://belaroundtheworld.com",,"https://belaroundtheworld.com/guest-post"
"https://bootsnall.com","any payment when we accept a pitch.Send pitches tosean@bootsnall.comPut ""Pitch:"" and your working title in the subject line. We read every one.The writers who built this siteBootsnAll's archive runs to thousands of pieces from travelers who wrote up their trips over the last 25-plus years: border crossings in West Africa, winter in Yakutsk, a first skiing lesson in Reno. Start with the stories collection browse the full article archive, or meet them in the writer index.Stories, guides, and tools for independent travelers since 1998.ExploreArticlesDestinationsCareer BreakFamily TravelGap YearTravel CostsHow I TravelPlanRound the WorldEurailTravel InsuranceCompanyAbout UsContact UsManifestoPrivacy PolicyTerms of ServicePressStay in the loopSubscribe© 2026 BootsnAll Travel Network. All rights reserved.","https://bootsnall.com/writers/how-to-pitch-and-submit-an-article"
"https://boutiquehotels.org",,"https://boutiquehotels.org/guest-post"
"https://britishexpats.com",,"https://britishexpats.com/guest-post"
"https://campfiresandconcierges.com",,"https://campfiresandconcierges.com/guest-post"
"https://carmensluxurytravel.com",,"https://carmensluxurytravel.com/guest-post"
"https://castlesandturrets.com","If your guest post topic is approved, you’ll receive an approval email. Please follow these guidelines when creating your guest post: Write at least 750 words of high-quality contentInclude a focus keyword phrase in the blog post title and the articlePost must be original content that is not publi | spelling and grammar. When your guest post is complete, you can send the Word Doc to castlesandturrets@gmail.com. Please include your headshot, a short bio, and a link to your website. Guest posters will receive: Free promotion across all of Castle and Turrets social platformsOne d","https://castlesandturrets.com/write-for-us"
"https://chaacreek.com","length for your post, but usually the guest posts have over 1000 words.General Writing Guidelines When Your Write For UsYour post must be original and must have never been published before on the InternetYou agree to not publish the post anywhere else (i.e., in your own blog or as a gu","https://belize-travel-blog.chaacreek.com/write-for-us"
"https://cheapestdestinationsblog.com",,"https://cheapestdestinationsblog.com/guest-post"
"https://chronogram.com","Home & Garden HV Towns Lifestyle Horoscopes Wellness Cannabis The River Events Readers’ Choice Submissions cover / parting shot Submit your original work to be considered for the cover of Chronogram and the magazine’s “Parting Shot” to David Perry, Creative Director, at david.perry@chron","https://chronogram.com/submissions"
"https://cruiseline.com",,"https://cruiseline.com/guest-post"
"https://destinationlesstravel.com","Bolivia Chile Patagonia Peru Ecuador / Write for us Write for us We are NOT currently accepting guest posts. We are NOT currently accepting guest posts, paid or free. Please do not reach out asking to contribute to our website for paid or free guest posting, especially for links. We receive these emails every day and do not reply to them. This practice goes against SEO guidelines for search engines. Contact us SearchSearch Search the site... Free ebook Stay safe in Europe & avoid scams! Get your hands on our FREE downloadable e-book designed to help you stay safe while traveling Europe. Name Email* Send me the guide! DestinationsMore Africa Egypt Mauritius Seychelles Tanzania Kenya Morocco South Africa Zimbabwe Asia Bali INdia South Korea Nepal Cambodia Myanmar Thailand Malaysia China Philippines Vietnam Hong Kong Sri Lanka Singapore Oceania Australia Fiji New Zealand French Polynesia C","https://destinationlesstravel.com/write-for-us"
"https://etravel.com","or website in the author box. The content will not be accepted without author profile picture and short bio. 5. The content should be at least 400 words. 6. eTravel content team will have all rights to accept or reject guest posts. So if you have a travel story to share, we and our travel-lo | 2. The images you submit should be large in size and in JPG format. If the image is not original and taken from another website, provide the source URL along with the name of the photographers if taken permission from them. Content with","https://etravel.com/explore/submit-a-travel-guest-post"
"https://evbeing.com",,"https://evbeing.com/travel-write-for-us"
"https://expertvagabond.com",,"https://expertvagabond.com/write-for-us"
"https://exploretraveler.com","ks.Only quality articles from established travel websites that also add out link on thier own website.Writing GuidelinesWe’re looking for a minimum 1500 words of your own amazing experience.The article should be written very simply as everyone can read and understand it easily.Try to avoid grammat | and spelling mistakes. Minor mistakes will be recovered by us, but very poor-quality articles will be rejected.All articles must be original content. They must not have been posted previously anywhere on the internet.Make sure to include a bio for the bottom of the post with all","https://exploretraveler.com/write-for-us"
"https://exploringthenorth.com",,"https://exploringthenorth.com/guest-post"
"https://familytraveller.com","being considered for publication, you will be notified within three weeks. What We Seek Useful, practical travel, information gained from first-hand experience geared to affluent parents who travel to immerse themselves and their children in new cultures and places within North America and abroad. | where. Story length for online pieces range from 600 to 2,000 word. We pay $50 per post. Story length for magazine pieces ranges from 50 to 1200 words. We pay .25 cents per word. Permissions and credits for images and videos must be submitted with any images provided. Published material mu","https://familytraveller.com/usa/writers-guidelines"
"https://floridarambler.com","being contacted by Tallahassee with no explanation, and if alternatives are offered, they lack the electric hookups or scenic views we originally reserved. Public state parks should remain accessible and affordable for all Floridians — not turned into higher-priced experiences that","https://floridarambler.com/florida-lodging-cabins-bb/glamping-in-florida"
"https://globotreks.com","not previously covered on the site. Posts should be fresh content. Not a copy of something previously published. Posts should be between 500-1300 words long. It should include at least 1 photo (or at least 2 if the post is over 700 words). You should have the rights to publish those images","https://globotreks.com/be-a-guest-blogger"
"https://gobackpacking.com","'s Guide to Using Squat Toilets). Terms All submissions must meet the following conditions: Offer high-quality advice based on the author's first-hand experiences. Written by the author, not an Artificial Intelligence (AI) app. Be published exclusively on Go Backpacking. Do not infringe upon anyone's | one photo should include the author in the destination, which helps convey your authority. Our rule of thumb is about one photo for every 250-300 words. Portraits, landscapes, or a mixture of both (horizontal and vertical) orientations are okay, and they should be a minimum of 1,500 pixels | contributors worldwide. Today's benefits include: Two do-follow contextual links: a specific post/page on your site and to your home page Author bio: link to your home page, plus any links to social media, newsletter, book, etc. The byline on a recognized and trusted travel site Article","https://gobackpacking.com/submissions"
"https://going.com","be done just as easily in NYC, the Netherlands, or Namibia, there’s probably not enough of a connection to that specific place. Length: 500-600 words, plus a short section on logistics. Rate: $250+Writer qualifications: We have a strong preference for writers who will be covering the expe","https://going.com/write-for-us"
"https://goodgritmag.com","H US In an effort to enhance the contributor experience and better manage submissions, we now accept pitches exclusively through our online submission form. Ready to share your idea? SUBMIT A PITCH Your pitch should include: 1–2 short paragraphs explaining the story idea and why it matters to o | by sending you a contract for electronic signature. Here’s what you need to know about submitting your work: Word Count: Most features: 600–1000 words Longform: 1200–1500 words Companion copy or digital: 500–750 words Compensation: Compensation is determined by assignment type, scope, subj | people to go live them. WHAT TO PITCH We publish four seasonal print issues each year (Spring, Summer, Fall, and Winter) alongside original digital stories throughout the year. We’re always looking for: Southern travel features with personality and place at the center Profiles o","https://goodgritmag.com/contributor-guidelines"
"https://goworldtravel.com","ABOUT SPONSORED OR ADVERTISING OPTIONS, PLEASE CONTACT US HERE INSTEAD.) Writers, please don’t forget to add your name, address, email, and author bio to your submission (in the document itself, not just your email). Please let us know if your piece has been published elsewhere. If you are | review our Editorial Guidelines. This will provide a clear guide to what we look for in an article. We accept articles from 850 to 1,600 words in length. First-person writing often provides the best insight but should be written in a professional manner. We consider completed submi","https://goworldtravel.com/submissions"
"https://herotraveler.com",,"https://herotraveler.com/"
"https://horizonguides.com","doesn’t want to talk about. How to write for us Please read before pitching! Before sending in your idea, please make sure it is the kind of pitch we'll consider. We are unable to respond to pitches that ignore the following guidelines. There are two main commission types for Horizon Guides: features for The Journal, or in-depth travel guides. Guides Our guides typically focus on a single activity or experience in a given location. For example, our guides to walking in the UK or gorilla trekking. We don't produce general destination guides, we do aim to be exhaustive and definitive on a particular activity within the destination.When suggesting a guide pitch, send us a paragraph or two describing why we should cover this aspect of a destination and the specific details that your guide would cover, such as routes, places or activities. Do explain how your own experience and expertise","https://horizonguides.com/journalists"
"https://hotelsmag.com","Other uncategorized cookies are those that are being analyzed and have not been classified into a category as yet. SAVE & ACCEPT × LOGIN CREATE AN ACCOUNT Username or Email Address Password Remember Me First Name * Last Name * Username * Username can contain any letters or numbers, without spa","https://hotelsmag.com/"
"https://imfixintoblog.com",,"https://imfixintoblog.com/guest-post"
"https://indietraveller.co","is timely and reliable. Get in touch As a reminder, this is not for SEO or sponsored posts. (We don’t host any sponsored posts, only original content.) We can’t always respond personally to every pitch, but if things align we will be in touch. Please enable JavaScript in your brow","https://indietraveller.co/write-for-me"
"https://insightguides.com",,"https://insightguides.com/guest-post"
"https://internationalliving.com","lots of direct quotes. Readers want to hear from your interviewee. It makes for a much stronger story.Don’t be boring. Whether you have 850 words or 1,600, use them wisely. Pack the important stuff in. Don’t waste 200 words explaining how to catch a bus.The best writing seems effortle | in Paris, or sight-seeing in Rome. But you’ll have to work harder to get the inside track, to find the facts that no one else has. Be original.Make recommendations in your article. We want your opinion. Tell our readers how to do things, how to catch a cab, order a meal, buy a souv","https://internationalliving.com/about-il/write-for-il"
"https://islands.com",,"https://islands.com/submissions"
"https://jetsetchristina.com",,"https://jetsetchristina.com/guest-post"
"https://journeywoman.com",,"https://journeywoman.com/write-for-us"
"https://katheats.com",,"https://katheats.com/guest-post"
"https://kkday.com",,"https://kkday.com/en/blog/78372/write-for-us-share-your-travel-stories-with-kkday"
"https://letsgoseeitall.com",,"https://letsgoseeitall.com/guest-post"
"https://livelikeitstheweekend.com",,"https://livelikeitstheweekend.com/guest-post"
"https://lwmfhotels.blog",,"https://lwmfhotels.blog/hotels-with-in-room-jacuzzi"
"https://marleneonthemove.com","and cultural discoveries.If you have an original, relevant, and well-written article, please read the guidelines below and complete the submission form.The do’s and don’tsWHAT I ACCEPTArticles written by travellers, journalists or content creators with proven experienceTopics related to tra","https://marleneonthemove.com/guest-posting"
"https://minitravellers.co.uk","(to keep Google happy), a good quality landscape image and a link to the original article. What to send New posts should be no less than 500 words long. There’s no maximum word count. Send us at least three good quality, landscape images to go with your post with file names that make i","https://minitravellers.co.uk/guest-post"
"https://mrandmrssmith.com",,"https://mrandmrssmith.com/contribute"
"https://mrhudsonexplores.com",,"https://mrhudsonexplores.com/guest-post"
"https://myfeetwillleadme.com","Tevas I bring everywhere with me. They were perfect for the hot springs. La Sportiva Womens Bushido II Trail Runnng Shoes Teva Women’s Original Universal Sandal, Balance Black, 5 I strapped my lightweight Teva sandals to my backpack when I wasn’t wearing them. When I switched into m","https://myfeetwillleadme.com/the-best-natural-hot-springs-in-the-us-arizona-hot-springs"
"https://myfiveacres.com",,"https://myfiveacres.com/guest-posts"
"https://mytravelcase.com","related gadgets, a guest post about your venture will be highly appreciated. Guidelines for Guest Posts • The guest post should be of 900 -1000 words. • Kindly give us only your original content. We will not accept posts that are copied or plagiarized from any other website (even if it’s","https://mytravelcase.com/guest-post"
"https://nomadsworld.com","& Travel Travel guidesContactBook now Write for us Submit your videos and travel articles to us! We accept guest blog submissions and videos. Get your article published on our website and potentially seen by an average of over 200,000 people a month. Published blogs will also be posted on our social media accounts. Unfortunately we don’t discuss potential topics as we don’t have the time due to the volume of blog submissions we receive. Accepted Topics We only accept travel related content. Location based content is more likely to be accepted if it is Australia / New Zealand based. Or if it is a general travel related article. We provide more details about what to submit after you sign up. Please note that we retain editorial control on any content submitted. By submitting content to us you confirm that you will not submit it to any other website and that all content submitted (text, i","https://nomadsworld.com/write-for-us"
"https://outpostmagazine.com","reer, it always helps to send two or three samples of your previously published work. Do not send anything to us by postal mail, especially original photos, slides, illustrations or any unique material. Outpost is not responsible for the return of or damage to any unsolicited original ma | in print, is loosely divided into a number of columns that you are welcome to pitch for. We expect most articles to be between 800 and 1,500 words for online, and between 2,000 and 4,000 words for print, unless otherwise specified. If your story sits between 1,501 and 1,999 words, don’","https://outpostmagazine.com/contribute-to-outpost-magazine"
"https://outthere.travel","Awakening countrySouth Australia, Australia Down Under may have far to go to repair the damage colonial occupation wreaked on Aboriginal Australians, but... Ways of the valley Chiang Mai, Thailand For a magical glimpse into a Thailand that’s rural and authentic but increasing","https://outthere.travel/guest-post"
"https://paulinaontheroad.com",,"https://paulinaontheroad.com/guest-post"
"https://perceptivetravel.com",,"https://perceptivetravel.com/guest-post"
"https://practicalwanderlust.com","visited once for a few days at a time. What’s in it for you? We pay our contributing writers $300 per piece and are looking for about 3,000 words and a selection of photos (either taken by you or properly sourced). Alternatively, if you are a travel blogger and are more interested in","https://practicalwanderlust.com/write-for-us"
"https://purewander.com","take away. Interesting angles on underrated destinations tend to do well. Broad overviews of obvious places don’t. Word count: 800 to 1,800 words for most pieces. Narratives can run a little longer if they earn it. How to pitch Send a brief email to eileen@purewander.com with: Your na","https://purewander.com/write-for-us"
"https://sailinganarchy.com",,"https://sailinganarchy.com/advertising"
"https://saltandwind.com",,"https://saltandwind.com/luxury-boutique-hotels-california"
"https://shebuystravel.com",,"https://shebuystravel.com/advertise"
"https://smalltownwashington.com",,"https://smalltownwashington.com/contribute"
"https://southamericabackpacker.com","that has already been published on my blog? No, sorry, we can only publish articles that are 100% unique. How long should my article be? Min 1500 words, max 5000 words. Say everything that you need to say to write the best possible article. Say it with as few words as you can. If it reads w | across, it’s the right length. Will I need photos to accompany my article? 📸 Yes, please! When you submit your article please attach a few original photos so that we can get a feel for your article overall. Please don’t insert the photos into a Word document, send them as separate attac | on Facebook, we’ll link to it when we share and tag you on Twitter, Instagram or any other social network you fancy! Don’t forget your author bio – Just a couple of sentences about you including where you’re from, where you’ve travelled and any other interesting info. We’re happy to i","https://southamericabackpacker.com/about-us/write-for-us"
"https://taleof2backpackers.com","region. Feel free to contribute on any topic about the region. A few things to know before submitting Guest Post Content: Article should be minimum 1200 words in length and should cover the topic in detail. Make sure the story is relevant to the readers and contains enough useful information. We r | of the reader. Organize the content in segments. Short paragraphs and headings within the article make up for a better read. Please be original in your article. Headline: Be sure to include a headline or post title. Credit: We respect individual work. If your story is derivative of","https://taleof2backpackers.com/write-for-us"
"https://thattravelblog.com","studying, living, and volunteering abroad. Practical, planning-focused articles rather than pure sightseeing. Best for Writers with genuine first-hand experience of work, study, volunteering, or living overseas who can turn it into actionable advice. What to pitch Practical how-to features on work, s | ttps://internationalliving.com/about-il/write-for-il/ Quick tips They are not a general travel magazine. Avoid broad sightseeing pieces. Be original, opinionated, and useful. Start with the most interesting moment, pack in actionable detail, and use direct quotes in profiles. Proofread b | the US, UK, New Zealand, Ireland, Canada, Australia and South Africa, unless you have been published by them before. Lists run 1,500 to 2,000 words including the introduction, with at least 10 items. Editor tips Originality is essential. 7. Intrepid Times Focus Narrative travel writing","https://thattravelblog.com/blog/10-publications-that-will-pay-you-for-travel-writing"
"https://thebeautraveler.com","Change Requests: Any change requests after publication will not be accepted unless stated otherwise in the initial collaboration agreement. Turnaround Time: Up to 2 business days after receiving your draft, I’ll send the public preview link and an invoice via Zoho. Payment Terms Full upfront payment is required for this order. Paymen | post (includes one dofollow link). Please review the following terms and conditions before proceeding: General Terms Minimum word count: 700 words. Inclusions: The base rate includes 1 dofollow link. Each additional dofollow link is $25 USD. Edits & Additions: I reserve the right to ed | content guidelines. We do not accept requests to change an existing link unless the new destination URL properly redirects to the original approved URL. A $25 USD surcharge applies to any approved link change request. PayPal payments incur an additional 5% transaction fee for t","https://thebeautraveler.com/media-kit"
"https://thecommontraveler.net","some of the more recent posts on the blog to see whether we are a good fit for you. Post requirements: Posts should be a minimum of 1,600 words (unless it is a photo essay in which case 600 words minimum will apply), with posts over 2,000 words encouraged — these should be detailed","https://thecommontraveler.net/guest-post-guidelines"
"https://theculinarytravelguide.com","our Rome Food Tour, which you can read here. GUIDELINES FOR GUEST POSTSPosts must be related to food travel.Posts must be a minimum of 1500 words. All submissions must be 100% unique. We do check for this so please don’t waste time submitting previously published content.Structure you","https://theculinarytravelguide.com/guest-posts-travel"
"https://thedailyadventuresofme.com","something new. How to share Your Best Adventure Yet To submit Your Best Adventure Yet, e-mail me at [email protected] with 1000 or more original words with at least three high-quality landscape pictures, one vertical shot, and one picture of you. The pictures must be owned by you- no","https://thedailyadventuresofme.com/home/your-best-adventure-yet"
"https://theplanetd.com","Video Link if you want to include the video and your YouTube URL so we can help generate subscriptions to your page. All articles must be original content. They must not have been posted previously anywhere on the internet and photos must be your own. Make sure to include an author bio | and other high-volume aggregators. The Planet D website has a strong page authority: 75 Ahrefs, 65 SEMRush, 64 Moz You will receive an author bio with links to your website and social media channels We’ll share your article on social media and tag your Twitter, and Facebook pages. 130 | stories, please include a minimum of 10 photos. 9 photos for the body of the text and one header image (1600px) on the long side. All photos must be your own. Photos should be 1600px wide for horizontal photos. 975px wide for vertical. The file size should not exceed 300kb. They can b","https://theplanetd.com/write-for-theplanetd"
"https://thetravelmagazine.net",,"https://thetravelmagazine.net/guest-post"
"https://touringplans.com",,"https://touringplans.com/contribute"
"https://travel.earth","experiences, travel anecdotes or simply weave a story around your favourite destination or favourite holiday activity. >> Including original, good quality photos of the places you are writing about would be helpful. Please mention the image source or provide photo credits. >> You","https://travel.earth/join-travel-earth-write-for-us"
"https://travelbabbo.com",,"https://travelbabbo.com/guest-post"
"https://travelbeginsat40.com","sewhere. Please notify us if this is the case with your post. The guest post must be a minimum of 300 words, ideally around 500 words. Your images must be accompanied by a commercial use licence, or clearly sourced from websites that allow commercial use such as Unsplash. If we are unsure a | contribute to our site: The guest post article must be well written. The guest post must use British English. The guest post must be 100% original content. We do not accept syndicated, plagiarised or copied posts, or any content that has also been posted elsewhere. Please notify us if","https://travelbeginsat40.com/guest-posts"
"https://traveleater.net","for guest contributors—very clear and helpful for anyone interested in travel writing. I like that you focus on quality storytelling, originality, and real travel experience instead of promotional content. This makes the blog more trustworthy and engaging for readers. Looking forwa","https://traveleater.net/writing-a-guest-post-for-traveleater-net"
"https://travelersjoy.com",,"https://travelersjoy.com/guest-post"
"https://travelfamilyblog.com","Tone: friendly, informative, and family-focused Include 1–3 relevant images (your own or royalty-free) One relevant link is allowed in the author bio All submissions are reviewed and edited for clarity, SEO, and formatting 💬 Collaboration Opportunities We love partnering with travel bran","https://travelfamilyblog.com/write-for-us-guest-post-collaboration-opportunities"
"https://travelincousins.com","inal; not duplicated or recycled from anywhere else on the web. All content must be written by you. Please submit a short bio (no more than 100 words) along with a photo of yourself to be published with your article. Unique travel stories containing first-hand accounts as to WHY this trav","https://travelincousins.com/write-for-us.html"
"https://travelislife.org","isn’t easily found online. I’m after quality over quantity in regards to the type of content I publish on my website and video channels. 6) Minimum 2500 words. While I do make exceptions to this rule for valuable shorter posts (feel free to contact me about it), in general Travel is Life caters to | ect, and I make mistakes too, but if it’s obvious that you’re submitting a first draft, it’s not going to make it onto the site. 5) Quality original content that tells a story, teaches a lesson, or provides value to my audience in a way that isn’t easily found online. I’m after quality o | blog or website will appear in your About the Traveler section next to or below your blog post. This section will have your name, photo (headshot), URL, and a 160 character mini-bio. How do I submit a guest blog post? I accept guest blog posts on a case-by-case basis, so contact me fi","https://travelislife.org/how-to-guest-blog-for-travel-is-life"
"https://travelpulse.ca",,"https://travelpulse.ca/write-for-us"
"https://traveltalktours.com","and not copied from elsewhere (including your own personal blog). We love authentic content that shows a bit of personality and real, first hand experiences. Tone and writing style – Write as if you’re talking to a friend or colleague. We’re not an overly formal brand, so the content should mat | points or numbers as appropriate.Strive for a minimum of 500 words in you article, unless it’s a photo-story. Photo-stories must be at least 300 words and include 8 photos. Content – The content topic you choose must be relevant to our tours and destinations. Please check that our tours go","https://traveltalktours.com/us/write-for-us"
"https://traveltweaks.com",,"https://traveltweaks.com/guest-post"
"https://triptradition.com","Hidden gems and offbeat destinations Content Guidelines What We Accept Original Content – 100% unique, not published elsewhere Length – Minimum 1200 words Tone – Informative, engaging, friendly Formatting – Clear headings and structure Images – High-quality, copyright-free SEO-Friendly – Natur | Your Authority Establish yourself as a travel expert in the community. Backlink Opportunity Get one do-follow link to your blog within your author bio. Promote Your Work Share your experiences and get recognized as a trusted contributor. Join Our Community Connect with like-minded traveler","https://triptradition.com/write-for-us"
"https://vagabondfamily.org","not be reproduced anywhere else on the web including your own blog (neither party benefits from duplicate content). Your posts must be minimum 1500 words long and of exceptional quality. Please include at least one image for every post. Please provide images that are a minimum of 700px wide. | Road Schooling Travel Health Featured Search Home Write For Us Write For Us We are always looking for writers who can write good quality, original posts and provide expert regional advice for VagabondFamily.org. Please contact us if you would like us to consider you. Make sure you give","https://vagabondfamily.org/write-for-us"
"https://viaventure.com",". Be Free of Errors Ensure your submission contains no typos or grammatical errors. Length of Content Your article must be between 1000 and 3000 words, please stick to this guidelines, any smaller or bigger article will be rejected. Time it takes to publish After approval the article takes | which piece of content you’d like to add or edit with your respective edit or addition including your link in that piece of content. Use Original Content The content you submit must be unique and not be posted anywhere else on the internet, we’ll check with copyscape your entire artic","https://viaventure.com/write-for-us-sponsored-posts"
"https://wanderlustingk.com",,"https://wanderlustingk.com/guest-post"
"https://wanderwithjo.com",,"https://wanderwithjo.com/guest-post"
"https://wanderwithwonder.com",,"https://wanderwithwonder.com/media-kit"
"https://weareglobaltravellers.com","inspire thousands of readers to say yes to adventure. Guest Submission Guidelines We’re looking for passionate travellers who can share first-hand experiences and practical advice. We will be looking for successful submissions to meet the following criteria: Must be original copy (not published e | 7+ high-resolution, original images to support the story Offers useful, informative, and relevant tips about the destination Length: 800–2,000 words At Global Travellers, we pride ourselves on creating high-quality, relatable, and inspiring content that encourages others to live a joy-fi | Work with us Write for us General Enquiry Destinations Google Maps Resources Community 0 0 Share your adventures with the community! Originally a personal blog (that went by the name of Where’s Mollie?), We Are Global Travellers is now a collaborative space where passionate travel","https://weareglobaltravellers.com/write-for-us"
"https://wearetravelgirls.com","a go-to resource for female travelers SUBMIT YOUR ARTICLE Submit A Photo Submit your photos and tips to be featured on our popular Instagram page to inspire women to travel with confidence SUBMIT YOUR PHOTO Submit A ReelSubmit a video reel from your travels for us to share on our Instagram page reaching over 400,000 followersSUBMIT YOUR REEL Why Contribute? Why should you contribute to We Are Travel Girls? You will inspire female travel, giving other women confidence and courage to see more of this beautiful world! In addition, your contribution will reach our community across several channels introducing you to new readers and followers.Your contribution will be shared with our community reaching: 10,000+ Subscribers 200,000+ Monthly Readers 450,000+ Social Media Followers 2.5M+ Pinterest Views Explore Travel Girls Getaways EVENTS DESTINATIONS TYPE OF TRAVEL TRAVEL RESOURCES AMBASSADO","https://wearetravelgirls.com/contribute"
"https://weblogtheworld.com","About WBTW Behind the Scenes Writers Write For Us Destinations By Region Africa Antarctica Asia Caribbean Central America Europe Middle East North America Pacific South America North America Canada Mexico USA By City All Cities By Interest Adventure Adventure Travel Once-in-a-Lifetime Safaris Culture Arts Books Events Festivals History Music Photography Style/Fashion Guides Airlines Food Guides Gift Guides Spiritual Voices Travel Guides Wellness Guides Lifestyle All Travel by Interest Business Travel Family Travel Green Nature Product Reviews Romance Spirituality Technology Wellness Spiritual Spiritual Living Spirituality Spiritual Voices Mindful Events Spiritual Health Books Spiritual Travel Products From the Editor Life Renee’s Top Picks Renee’s Voice Well-Being Wellness Mind/Body Nature Spas/Retreats Wellness Stays Wellness Guides Wellness Products Food All Food/Wine Food Guides Re","https://weblogtheworld.com/write-for-us"
"https://worldofwanderlust.com","hor. The text of the post should be linked in the email in a Google Document or an attached Word Document. Please aim to keep posts between 600-1000 words. Rules regarding payment for written work: World of Wanderlust provides payment for original work along standard industry lines. This rate","https://worldofwanderlust.com/submissions"
"https://zestinatote.com",,"https://zestinatote.com/guest-post"
