Keyword,Volume,Pos,Article,URL,Domain,Authority,Prospect score,Geo,Type,Added,Lane,qualification,qualification_reason,editorial_score,feasibility_score,evidence,insertion_location,reader_benefit,contact_url,suggested_hht_url,score_detail,publisher_reason
romantic getaways near Houston,,1,romantic cabin getaways houston texas,https://glampinghub.com/rentalsearch/romantic-cabin-getaways-houston-texas/,glampinghub.com,38,71.9,National,Travel blog,2026-09-27,Excluded,excluded,"Lodging operator. The page sells its own rooms, cabins, or rentals.",,,observed,,,https://glampinghub.com/work-with-us,https://hotelhottubs.com/editors-choice,Scores apply only after a page stays on the paid-outreach list.,"Independent publisher with an overnight-travel article. Affiliate links, when present, do not make this a booking marketplace."
romantic getaways in missouri,880,1,best romantic getaways in missouri 11904835,https://www.midwestliving.com/best-romantic-getaways-in-missouri-11904835,midwestliving.com,50,66.8,Missouri,National magazine,2026-09-27,Excluded,excluded,"Major publication. A $50–100 insertion is implausible, and no rate was found.",,,observed,,,,https://hotelhottubs.com/missouri,Scores apply only after a page stays on the paid-outreach list.,"Major publication. A $50–100 insertion is implausible, and no rate was found."
best honeymoon destinations in the us,,1,best honeymoon destinations in the us,https://travel.usnews.com/rankings/best-honeymoon-destinations-in-the-us/,usnews.com,89,66.7,National,Local media,2026-09-27,Excluded,excluded,"Major publication. A $50–100 insertion is implausible, and no rate was found.",,,observed,,,,https://hotelhottubs.com/editors-choice,Scores apply only after a page stays on the paid-outreach list.,"Major publication. A $50–100 insertion is implausible, and no rate was found."
romantic getaways in wisconsin,1900,1,best romantic getaways wisconsin 8430904,https://www.midwestliving.com/best-romantic-getaways-wisconsin-8430904,midwestliving.com,50,66.0,Wisconsin,National magazine,2026-09-11,Excluded,excluded,"Major publication. A $50–100 insertion is implausible, and no rate was found.",,,observed,,,,https://hotelhottubs.com/wisconsin,Scores apply only after a page stays on the paid-outreach list.,"Major publication. A $50–100 insertion is implausible, and no rate was found."
romantic hotels in wisconsin,320,1,best romantic getaways wisconsin 8430904,https://www.midwestliving.com/best-romantic-getaways-wisconsin-8430904,midwestliving.com,50,66.0,Wisconsin,National magazine,2026-09-11,Excluded,excluded,"Major publication. A $50–100 insertion is implausible, and no rate was found.",,,observed,,,,https://hotelhottubs.com/wisconsin,Scores apply only after a page stays on the paid-outreach list.,"Major publication. A $50–100 insertion is implausible, and no rate was found."
romantic getaways in Minnesota,,1,20 romantic getaways in minnesota 8620231,https://www.midwestliving.com/20-romantic-getaways-in-minnesota-8620231,midwestliving.com,50,55.6,National,National magazine,2026-09-27,Excluded,excluded,"Major publication. A $50–100 insertion is implausible, and no rate was found.",,,observed,,,,https://hotelhottubs.com/editors-choice,Scores apply only after a page stays on the paid-outreach list.,"Major publication. A $50–100 insertion is implausible, and no rate was found."
best honeymoon destinations in the us,,2,https://www.visittheusa.com/,https://www.visittheusa.com/,visittheusa.com,63,55.9,National,Tourism,2026-09-27,Excluded,excluded,"Homepage, not an article.",,,observed,,,,https://hotelhottubs.com/editors-choice,Scores apply only after a page stays on the paid-outreach list.,The article URL did not return a readable page.
best spa weekend getaways,,2,best spa weekend getaways in the us 8409445,https://www.travelandleisure.com/best-spa-weekend-getaways-in-the-us-8409445,travelandleisure.com,69,54.1,National,National magazine,2026-09-27,Excluded,excluded,"Major publication. A $50–100 insertion is implausible, and no rate was found.",,,observed,,,,https://hotelhottubs.com/editors-choice,Scores apply only after a page stays on the paid-outreach list.,"Major publication. A $50–100 insertion is implausible, and no rate was found."
romantic hotels in new york state,1600,3,romantic getaways new york,https://www.cntraveler.com/gallery/romantic-getaways-new-york,cntraveler.com,76,66.0,New York,National magazine,2026-09-11,Excluded,excluded,"Major publication. A $50–100 insertion is implausible, and no rate was found.",,,observed,,,,https://hotelhottubs.com/new-york,Scores apply only after a page stays on the paid-outreach list.,"Major publication. A $50–100 insertion is implausible, and no rate was found."
romantic getaways in Maine,,3,the best hotels in maine for romantic escapes and family friendly vacations,https://www.cntraveler.com/gallery/the-best-hotels-in-maine-for-romantic-escapes-and-family-friendly-vacations,cntraveler.com,76,65.8,National,National magazine,2026-09-27,Excluded,excluded,"Major publication. A $50–100 insertion is implausible, and no rate was found.",,,observed,,,,https://hotelhottubs.com/maine,Scores apply only after a page stays on the paid-outreach list.,"Major publication. A $50–100 insertion is implausible, and no rate was found."
romantic getaways in maine,590,3,the best hotels in maine for romantic escapes and family friendly vacations,https://www.cntraveler.com/gallery/the-best-hotels-in-maine-for-romantic-escapes-and-family-friendly-vacations,cntraveler.com,76,65.8,Maine,National magazine,2026-09-27,Excluded,excluded,"Major publication. A $50–100 insertion is implausible, and no rate was found.",,,observed,,,,https://hotelhottubs.com/maine,Scores apply only after a page stays on the paid-outreach list.,"Major publication. A $50–100 insertion is implausible, and no rate was found."
romantic getaways in kansas,260,3,the best romantic getaways in kansas 8608296,https://www.midwestliving.com/the-best-romantic-getaways-in-kansas-8608296,midwestliving.com,50,65.0,Kansas,National magazine,2026-09-11,Excluded,excluded,"Major publication. A $50–100 insertion is implausible, and no rate was found.",,,observed,,,,https://hotelhottubs.com/missouri/kansas-city,Scores apply only after a page stays on the paid-outreach list.,"Major publication. A $50–100 insertion is implausible, and no rate was found."
weekend getaways in iowa,390,3,romantic getaways in iowa 8605082,https://www.midwestliving.com/romantic-getaways-in-iowa-8605082,midwestliving.com,50,62.8,Iowa,National magazine,2026-09-27,Excluded,excluded,"Major publication. A $50–100 insertion is implausible, and no rate was found.",,,observed,,,,https://hotelhottubs.com/iowa,Scores apply only after a page stays on the paid-outreach list.,"Major publication. A $50–100 insertion is implausible, and no rate was found."
romantic getaways in west virginia,590,4,romantic getaway in west virginia,https://cabinsatpinehaven.com/romantic-getaway-in-west-virginia/,cabinsatpinehaven.com,,78.0,West Virginia,Travel blog,2026-09-27,Excluded,excluded,"Lodging operator. The page sells its own rooms, cabins, or rentals.",,,observed,,,https://cabinsatpinehaven.com/contact/,https://hotelhottubs.com/west-virginia,Scores apply only after a page stays on the paid-outreach list.,"Lodging operator. The page sells its own rooms, cabins, or rentals."
romantic hotels in kansas,590,4,the best romantic getaways in kansas 8608296,https://www.midwestliving.com/the-best-romantic-getaways-in-kansas-8608296,midwestliving.com,50,65.0,Kansas,National magazine,2026-09-11,Excluded,excluded,"Major publication. A $50–100 insertion is implausible, and no rate was found.",,,observed,,,,https://hotelhottubs.com/missouri/kansas-city,Scores apply only after a page stays on the paid-outreach list.,"Major publication. A $50–100 insertion is implausible, and no rate was found."
romantic getaways in nebraska,140,4,best romantic getaways in nebraska 8559810,https://www.midwestliving.com/best-romantic-getaways-in-nebraska-8559810,midwestliving.com,50,63.7,Nebraska,National magazine,2026-09-27,Excluded,excluded,"Major publication. A $50–100 insertion is implausible, and no rate was found.",,,observed,,,,https://hotelhottubs.com/nebraska,Scores apply only after a page stays on the paid-outreach list.,"Major publication. A $50–100 insertion is implausible, and no rate was found."
romantic hotels in Newport RI,,4,the best hotels in newport rhode island,https://www.cntraveler.com/gallery/the-best-hotels-in-newport-rhode-island,cntraveler.com,76,51.5,National,National magazine,2026-09-27,Excluded,excluded,"Major publication. A $50–100 insertion is implausible, and no rate was found.",,,observed,,,,https://hotelhottubs.com/editors-choice,Scores apply only after a page stays on the paid-outreach list.,"Major publication. A $50–100 insertion is implausible, and no rate was found."
romantic getaways in illinois,880,5,romantic getaways in illinois,https://shawneeforestcabins.com/romantic-getaways-in-illinois/,shawneeforestcabins.com,,78.4,Illinois,Travel blog,2026-09-27,Excluded,excluded,"Lodging operator. The page sells its own rooms, cabins, or rentals.",,,observed,,,https://shawneeforestcabins.com/contact/,https://hotelhottubs.com/illinois,Scores apply only after a page stays on the paid-outreach list.,"Lodging operator. The page sells its own rooms, cabins, or rentals."
romantic getaways in hawaii,140,5,romantic getaways in hawaii CM1531,https://www.aaa.com/tripcanvas/article/romantic-getaways-in-hawaii-CM1531,aaa.com,,77.4,Hawaii,Travel blog,2026-09-27,Excluded,excluded,"Major publication. A $50–100 insertion is implausible, and no rate was found.",,,observed,,,,https://hotelhottubs.com/hawaii,Scores apply only after a page stays on the paid-outreach list.,"Major publication. A $50–100 insertion is implausible, and no rate was found."
hotels with soaking tubs,,5,hotels with jacuzzi in room,https://www.cntraveler.com/story/hotels-with-jacuzzi-in-room,cntraveler.com,76,55.1,National,National magazine,2026-09-11,Excluded,excluded,"Major publication. A $50–100 insertion is implausible, and no rate was found.",,,observed,,,,https://hotelhottubs.com/editors-choice,Scores apply only after a page stays on the paid-outreach list.,"Major publication. A $50–100 insertion is implausible, and no rate was found."
romantic getaways from Chicago,,5,most romantic getaways from chicago,https://www.timeout.com/chicago/things-to-do/most-romantic-getaways-from-chicago,timeout.com,77,52.7,National,National magazine,2026-09-27,Excluded,excluded,"Major publication. A $50–100 insertion is implausible, and no rate was found.",,,observed,,,,https://hotelhottubs.com/editors-choice,Scores apply only after a page stays on the paid-outreach list.,"Major publication. A $50–100 insertion is implausible, and no rate was found."
romantic hotels in Key West,,5,best hotels in key west,https://www.cntraveler.com/gallery/best-hotels-in-key-west,cntraveler.com,76,51.6,National,National magazine,2026-09-27,Excluded,excluded,"Major publication. A $50–100 insertion is implausible, and no rate was found.",,,observed,,,,https://hotelhottubs.com/editors-choice,Scores apply only after a page stays on the paid-outreach list.,"Major publication. A $50–100 insertion is implausible, and no rate was found."
best anniversary trip ideas,,6,where to go for an anniversary trip based on your celebration year CM93,https://www.aaa.com/tripcanvas/article/where-to-go-for-an-anniversary-trip-based-on-your-celebration-year-CM93,aaa.com,,67.5,National,Travel blog,2026-09-27,Excluded,excluded,"Major publication. A $50–100 insertion is implausible, and no rate was found.",,,observed,,,,https://hotelhottubs.com/editors-choice,Scores apply only after a page stays on the paid-outreach list.,"Major publication. A $50–100 insertion is implausible, and no rate was found."
romantic getaways in south dakota,70,6,best romantic getaways in south dakota 8585008,https://www.midwestliving.com/best-romantic-getaways-in-south-dakota-8585008,midwestliving.com,50,61.3,South Dakota,National magazine,2026-09-27,Excluded,excluded,"Major publication. A $50–100 insertion is implausible, and no rate was found.",,,observed,,,,https://hotelhottubs.com/south-dakota,Scores apply only after a page stays on the paid-outreach list.,"Major publication. A $50–100 insertion is implausible, and no rate was found."
romantic getaways in the Hudson Valley,,6,best hotels in the hudson valley,https://www.cntraveler.com/gallery/best-hotels-in-the-hudson-valley,cntraveler.com,76,53.2,National,National magazine,2026-09-27,Excluded,excluded,"Major publication. A $50–100 insertion is implausible, and no rate was found.",,,observed,,,,https://hotelhottubs.com/editors-choice,Scores apply only after a page stays on the paid-outreach list.,"Major publication. A $50–100 insertion is implausible, and no rate was found."
romantic hotels in Charleston SC,,6,best hotels in charleston,https://www.cntraveler.com/gallery/best-hotels-in-charleston,cntraveler.com,76,52.7,National,National magazine,2026-09-27,Excluded,excluded,"Major publication. A $50–100 insertion is implausible, and no rate was found.",,,observed,,,,https://hotelhottubs.com/editors-choice,Scores apply only after a page stays on the paid-outreach list.,"Major publication. A $50–100 insertion is implausible, and no rate was found."
romantic hotels in Napa,,6,best hotels in napa valley,https://www.cntraveler.com/gallery/best-hotels-in-napa-valley,cntraveler.com,76,51.5,National,National magazine,2026-09-27,Excluded,excluded,"Major publication. A $50–100 insertion is implausible, and no rate was found.",,,observed,,,,https://hotelhottubs.com/editors-choice,Scores apply only after a page stays on the paid-outreach list.,"Major publication. A $50–100 insertion is implausible, and no rate was found."
romantic getaways in illinois,880,7,winter romantic getaway,https://kishauwaucabins.com/blog/winter-romantic-getaway,kishauwaucabins.com,,77.3,Illinois,Travel blog,2026-09-27,Excluded,excluded,"Lodging operator. The page sells its own rooms, cabins, or rentals.",,,observed,,,,https://hotelhottubs.com/illinois,Scores apply only after a page stays on the paid-outreach list.,"Lodging operator. The page sells its own rooms, cabins, or rentals."
romantic places to stay in Asheville,,7,couples romantic getaway asheville nc,https://wildberrylodge.com/blog/2024/12/couples-romantic-getaway-asheville-nc,wildberrylodge.com,,67.1,National,Travel blog,2026-09-27,Excluded,excluded,"Lodging operator. The page sells its own rooms, cabins, or rentals.",,,observed,,,https://wildberrylodge.com/directions#contact,https://hotelhottubs.com/editors-choice,Scores apply only after a page stays on the paid-outreach list.,"Lodging operator. The page sells its own rooms, cabins, or rentals."
romantic getaways in iowa,480,7,romantic getaways in iowa 8605082,https://www.midwestliving.com/romantic-getaways-in-iowa-8605082,midwestliving.com,50,62.8,Iowa,National magazine,2026-09-27,Excluded,excluded,"Major publication. A $50–100 insertion is implausible, and no rate was found.",,,observed,,,,https://hotelhottubs.com/iowa,Scores apply only after a page stays on the paid-outreach list.,"Major publication. A $50–100 insertion is implausible, and no rate was found."
best hotels with hot tubs in room,480,7,hotels with jacuzzi in room,https://www.cntraveler.com/story/hotels-with-jacuzzi-in-room,cntraveler.com,76,55.1,National,National magazine,2026-09-11,Excluded,excluded,"Major publication. A $50–100 insertion is implausible, and no rate was found.",,,observed,,,,https://hotelhottubs.com/editors-choice,Scores apply only after a page stays on the paid-outreach list.,"Major publication. A $50–100 insertion is implausible, and no rate was found."
romantic getaways near Chicago,,7,most romantic getaways from chicago,https://www.timeout.com/chicago/things-to-do/most-romantic-getaways-from-chicago,timeout.com,77,52.7,National,National magazine,2026-09-27,Excluded,excluded,"Major publication. A $50–100 insertion is implausible, and no rate was found.",,,observed,,,,https://hotelhottubs.com/editors-choice,Scores apply only after a page stays on the paid-outreach list.,"Major publication. A $50–100 insertion is implausible, and no rate was found."
romantic places to stay in Key West,,7,best hotels in key west,https://www.cntraveler.com/gallery/best-hotels-in-key-west,cntraveler.com,76,51.6,National,National magazine,2026-09-27,Excluded,excluded,"Major publication. A $50–100 insertion is implausible, and no rate was found.",,,observed,,,,https://hotelhottubs.com/editors-choice,Scores apply only after a page stays on the paid-outreach list.,"Major publication. A $50–100 insertion is implausible, and no rate was found."
romantic places to stay in Napa,,7,best hotels in napa valley,https://www.cntraveler.com/gallery/best-hotels-in-napa-valley,cntraveler.com,76,51.5,National,National magazine,2026-09-27,Excluded,excluded,"Major publication. A $50–100 insertion is implausible, and no rate was found.",,,observed,,,,https://hotelhottubs.com/editors-choice,Scores apply only after a page stays on the paid-outreach list.,"Major publication. A $50–100 insertion is implausible, and no rate was found."
romantic hotels in Palm Springs,,7,best hotels in palm springs,https://www.cntraveler.com/gallery/best-hotels-in-palm-springs,cntraveler.com,76,51.0,National,National magazine,2026-09-27,Excluded,excluded,"Major publication. A $50–100 insertion is implausible, and no rate was found.",,,observed,,,,https://hotelhottubs.com/editors-choice,Scores apply only after a page stays on the paid-outreach list.,"Major publication. A $50–100 insertion is implausible, and no rate was found."
romantic places to stay in Palm Springs,,7,best hotels in palm springs,https://www.cntraveler.com/gallery/best-hotels-in-palm-springs,cntraveler.com,76,51.0,National,National magazine,2026-09-27,Excluded,excluded,"Major publication. A $50–100 insertion is implausible, and no rate was found.",,,observed,,,,https://hotelhottubs.com/editors-choice,Scores apply only after a page stays on the paid-outreach list.,"Major publication. A $50–100 insertion is implausible, and no rate was found."
romantic getaways in the Catskills,,7,best catskills hotels,https://www.cntraveler.com/gallery/best-catskills-hotels,cntraveler.com,76,50.4,National,National magazine,2026-09-27,Excluded,excluded,"Major publication. A $50–100 insertion is implausible, and no rate was found.",,,observed,,,,https://hotelhottubs.com/editors-choice,Scores apply only after a page stays on the paid-outreach list.,"Major publication. A $50–100 insertion is implausible, and no rate was found."
romantic getaways in texas,2900,8,romantic getaways in texas,https://panioloranch.com/romantic-getaways-in-texas/,panioloranch.com,21,80.3,Texas,Travel blog,2026-09-11,Excluded,excluded,"Lodging operator. The page sells its own rooms, cabins, or rentals.",,,observed,,,https://panioloranch.com/contact-us/,https://hotelhottubs.com/texas,Scores apply only after a page stays on the paid-outreach list.,"Lodging operator. The page sells its own rooms, cabins, or rentals."
romantic getaways in Lake Tahoe,,8,enjoy lake tahoe romantic getaway,https://www.tahoegetaways.com/blog/tahoe-vacation-planning/enjoy-lake-tahoe-romantic-getaway,tahoegetaways.com,,66.3,National,Travel blog,2026-09-27,Excluded,excluded,"Lodging operator. The page sells its own rooms, cabins, or rentals.",,,observed,,,https://www.tahoegetaways.com/contact-us,https://hotelhottubs.com/editors-choice,Scores apply only after a page stays on the paid-outreach list.,"Lodging operator. The page sells its own rooms, cabins, or rentals."
romantic getaways in Door County,,8,best romantic getaways wisconsin 8430904,https://www.midwestliving.com/best-romantic-getaways-wisconsin-8430904,midwestliving.com,50,66.0,National,National magazine,2026-09-11,Excluded,excluded,"Major publication. A $50–100 insertion is implausible, and no rate was found.",,,observed,,,,https://hotelhottubs.com/wisconsin,Scores apply only after a page stays on the paid-outreach list.,"Major publication. A $50–100 insertion is implausible, and no rate was found."
romantic resorts in montana,390,8,romantic getaways montana,https://www.theknot.com/content/romantic-getaways-montana,theknot.com,77,65.3,Montana,Wedding / honeymoon,2026-09-11,Excluded,excluded,"Major publication. A $50–100 insertion is implausible, and no rate was found.",,,observed,,,,https://hotelhottubs.com/montana,Scores apply only after a page stays on the paid-outreach list.,"Major publication. A $50–100 insertion is implausible, and no rate was found."
romantic getaways in west virginia,590,8,romantic getaways west virginia,https://www.theknot.com/content/romantic-getaways-west-virginia,theknot.com,77,64.3,West Virginia,Wedding / honeymoon,2026-09-27,Excluded,excluded,"Major publication. A $50–100 insertion is implausible, and no rate was found.",,,observed,,,,https://hotelhottubs.com/west-virginia,Scores apply only after a page stays on the paid-outreach list.,"Major publication. A $50–100 insertion is implausible, and no rate was found."
romantic getaways in hawaii,140,8,best honeymoon resorts in hawaii,https://www.cntraveler.com/gallery/best-honeymoon-resorts-in-hawaii,cntraveler.com,76,61.2,Hawaii,National magazine,2026-09-27,Excluded,excluded,"Major publication. A $50–100 insertion is implausible, and no rate was found.",,,observed,,,,https://hotelhottubs.com/hawaii,Scores apply only after a page stays on the paid-outreach list.,"Major publication. A $50–100 insertion is implausible, and no rate was found."
romantic places to stay in Santa Barbara,,8,best hotels in santa barbara,https://www.cntraveler.com/gallery/best-hotels-in-santa-barbara,cntraveler.com,76,50.4,National,National magazine,2026-09-27,Excluded,excluded,"Major publication. A $50–100 insertion is implausible, and no rate was found.",,,observed,,,,https://hotelhottubs.com/editors-choice,Scores apply only after a page stays on the paid-outreach list.,"Major publication. A $50–100 insertion is implausible, and no rate was found."
romantic getaways in georgia,2400,9,top romantic getaways in georgia,https://travel.usnews.com/features/top-romantic-getaways-in-georgia,usnews.com,89,76.8,Georgia,Local media,2026-09-11,Excluded,excluded,"Major publication. A $50–100 insertion is implausible, and no rate was found.",,,observed,,,,https://hotelhottubs.com/georgia,Scores apply only after a page stays on the paid-outreach list.,"Major publication. A $50–100 insertion is implausible, and no rate was found."
romantic getaways in missouri,880,9,romantic getaways in missouri,https://innsbrookvacations.com/romantic-getaways-in-missouri/,innsbrookvacations.com,,76.8,Missouri,Travel blog,2026-09-27,Excluded,excluded,"Lodging operator. The page sells its own rooms, cabins, or rentals.",,,observed,,,https://innsbrookvacations.com/contact-us/,https://hotelhottubs.com/missouri,Scores apply only after a page stays on the paid-outreach list.,"Lodging operator. The page sells its own rooms, cabins, or rentals."
romantic getaways in west virginia,590,9,what to expect from romantic cabins in west virginia,https://mountaincreekcabins.com/what-to-expect-from-romantic-cabins-in-west-virginia/,mountaincreekcabins.com,,75.2,West Virginia,Travel blog,2026-09-27,Excluded,excluded,"Lodging operator. The page sells its own rooms, cabins, or rentals.",,,observed,,,https://mountaincreekcabins.com/contact/,https://hotelhottubs.com/west-virginia,Scores apply only after a page stays on the paid-outreach list.,"Lodging operator. The page sells its own rooms, cabins, or rentals."
romantic getaways in arkansas,880,9,arkansas honeymoon guide,https://www.theknot.com/content/arkansas-honeymoon-guide,theknot.com,77,65.3,Arkansas,Wedding / honeymoon,2026-09-11,Excluded,excluded,"Major publication. A $50–100 insertion is implausible, and no rate was found.",,,observed,,,,https://hotelhottubs.com/arkansas,Scores apply only after a page stays on the paid-outreach list.,"Major publication. A $50–100 insertion is implausible, and no rate was found."
romantic getaways in kansas city,,9,the best romantic getaways in kansas 8608296,https://www.midwestliving.com/the-best-romantic-getaways-in-kansas-8608296,midwestliving.com,50,65.0,Kansas City,National magazine,2026-09-11,Excluded,excluded,"Major publication. A $50–100 insertion is implausible, and no rate was found.",,,observed,,,,https://hotelhottubs.com/missouri/kansas-city,Scores apply only after a page stays on the paid-outreach list.,"Major publication. A $50–100 insertion is implausible, and no rate was found."
romantic getaways in south dakota,70,9,romantic getaways south dakota,https://www.theknot.com/content/romantic-getaways-south-dakota,theknot.com,77,62.7,South Dakota,Wedding / honeymoon,2026-09-27,Excluded,excluded,"Major publication. A $50–100 insertion is implausible, and no rate was found.",,,observed,,,,https://hotelhottubs.com/south-dakota,Scores apply only after a page stays on the paid-outreach list.,"Major publication. A $50–100 insertion is implausible, and no rate was found."
romantic hotels in new york state,1600,9,most romantic hotels in nyc,https://www.timeout.com/newyork/hotels/most-romantic-hotels-in-nyc,timeout.com,77,62.6,New York,National magazine,2026-09-11,Excluded,excluded,"Major publication. A $50–100 insertion is implausible, and no rate was found.",,,observed,,,,https://hotelhottubs.com/new-york,Scores apply only after a page stays on the paid-outreach list.,"Major publication. A $50–100 insertion is implausible, and no rate was found."
best honeymoon destinations in the us,,9,92d554dd7304a15c,https://www.weddingwire.com/wedding-forums/best-us-honeymoons/92d554dd7304a15c.html,weddingwire.com,,51.5,National,Wedding / honeymoon,2026-09-27,Excluded,excluded,"Major publication. A $50–100 insertion is implausible, and no rate was found.",,,observed,,,,https://hotelhottubs.com/editors-choice,Scores apply only after a page stays on the paid-outreach list.,"Major publication. A $50–100 insertion is implausible, and no rate was found."
romantic getaways in Napa Valley,,9,best hotels in napa valley,https://www.cntraveler.com/gallery/best-hotels-in-napa-valley,cntraveler.com,76,51.5,National,National magazine,2026-09-27,Excluded,excluded,"Major publication. A $50–100 insertion is implausible, and no rate was found.",,,observed,,,,https://hotelhottubs.com/editors-choice,Scores apply only after a page stays on the paid-outreach list.,"Major publication. A $50–100 insertion is implausible, and no rate was found."
romantic hotels in New Orleans,,9,best hotels in new orleans,https://www.cntraveler.com/gallery/best-hotels-in-new-orleans,cntraveler.com,76,50.5,National,National magazine,2026-09-27,Excluded,excluded,"Major publication. A $50–100 insertion is implausible, and no rate was found.",,,observed,,,,https://hotelhottubs.com/editors-choice,Scores apply only after a page stays on the paid-outreach list.,"Major publication. A $50–100 insertion is implausible, and no rate was found."
romantic cabin getaways,,9,romantic cabin getaways in the u s,https://www.travelandleisure.com/trip-ideas/nature-travel/romantic-cabin-getaways-in-the-u-s,travelandleisure.com,69,49.0,National,National magazine,2026-09-27,Excluded,excluded,"Major publication. A $50–100 insertion is implausible, and no rate was found.",,,observed,,,,https://hotelhottubs.com/editors-choice,Scores apply only after a page stays on the paid-outreach list.,"Major publication. A $50–100 insertion is implausible, and no rate was found."
romantic getaways in texas,2900,10,top romantic getaways in texas,https://travel.usnews.com/features/top-romantic-getaways-in-texas,usnews.com,89,78.4,Texas,Local media,2026-09-11,Excluded,excluded,"Major publication. A $50–100 insertion is implausible, and no rate was found.",,,observed,,,,https://hotelhottubs.com/texas,Scores apply only after a page stays on the paid-outreach list.,"Major publication. A $50–100 insertion is implausible, and no rate was found."
romantic resorts in utah,480,10,best resorts in utah r92,https://travel.usnews.com/hotels/best-resorts-in-utah-r92/,usnews.com,89,74.9,Utah,Local media,2026-09-11,Excluded,excluded,"Major publication. A $50–100 insertion is implausible, and no rate was found.",,,observed,,,,https://hotelhottubs.com/utah,Scores apply only after a page stays on the paid-outreach list.,"Major publication. A $50–100 insertion is implausible, and no rate was found."
romantic getaways in the Hudson Valley,,10,romantic getaways new york,https://www.cntraveler.com/gallery/romantic-getaways-new-york,cntraveler.com,76,66.0,National,National magazine,2026-09-11,Excluded,excluded,"Major publication. A $50–100 insertion is implausible, and no rate was found.",,,observed,,,,https://hotelhottubs.com/new-york,Scores apply only after a page stays on the paid-outreach list.,"Major publication. A $50–100 insertion is implausible, and no rate was found."
romantic getaways in Napa Valley,,10,a napa valley romantic getaway at river pointe,https://www.riverpointeresort.com/a-napa-valley-romantic-getaway-at-river-pointe/,riverpointeresort.com,,63.7,National,Travel blog,2026-09-27,Excluded,excluded,"Lodging operator. The page sells its own rooms, cabins, or rentals.",,,observed,,,https://www.riverpointeresort.com/contact/,https://hotelhottubs.com/editors-choice,Scores apply only after a page stays on the paid-outreach list.,"Lodging operator. The page sells its own rooms, cabins, or rentals."
romantic hotels in florida,480,10,romantic getaways in florida,https://www.travelandleisure.com/trip-ideas/romantic-getaways/romantic-getaways-in-florida,travelandleisure.com,69,62.7,Florida,National magazine,2026-09-11,Excluded,excluded,"Major publication. A $50–100 insertion is implausible, and no rate was found.",,,observed,,,,https://hotelhottubs.com/florida,Scores apply only after a page stays on the paid-outreach list.,"Major publication. A $50–100 insertion is implausible, and no rate was found."
romantic getaways in the Poconos,,10,romantic weekend getaway at skytop lodge for couples,https://www.skytop.com/news/romantic-weekend-getaway-at-skytop-lodge-for-couples/,skytop.com,,62.7,National,Travel blog,2026-09-27,Excluded,excluded,"Lodging operator. The page sells its own rooms, cabins, or rentals.",,,observed,,,https://www.skytop.com/contact-skytop/,https://hotelhottubs.com/editors-choice,Scores apply only after a page stays on the paid-outreach list.,"Stay roundup with a contact or about link. Classified as an independent publisher from the page, not from the domain name."
best romantic getaways in the us,,10,most romantic getaway you have been to in the us 454788,https://www.fodors.com/community/united-states/most-romantic-getaway-you-have-been-to-in-the-us-454788/,fodors.com,,50.2,National,National magazine,2026-09-27,Excluded,excluded,"Major publication. A $50–100 insertion is implausible, and no rate was found.",,,observed,,,,https://hotelhottubs.com/editors-choice,Scores apply only after a page stays on the paid-outreach list.,"Major publication. A $50–100 insertion is implausible, and no rate was found."
best couples getaways in the us,,10,most romantic getaway you have been to in the us 454788,https://www.fodors.com/community/united-states/most-romantic-getaway-you-have-been-to-in-the-us-454788/,fodors.com,,50.2,National,National magazine,2026-09-27,Excluded,excluded,"Major publication. A $50–100 insertion is implausible, and no rate was found.",,,observed,,,,https://hotelhottubs.com/editors-choice,Scores apply only after a page stays on the paid-outreach list.,"Major publication. A $50–100 insertion is implausible, and no rate was found."
best spa weekend getaways,,10,top destination spa resorts in the united states readers choice awards,https://www.cntraveler.com/gallery/top-destination-spa-resorts-in-the-united-states-readers-choice-awards,cntraveler.com,76,49.6,National,National magazine,2026-09-27,Excluded,excluded,"Major publication. A $50–100 insertion is implausible, and no rate was found.",,,observed,,,,https://hotelhottubs.com/editors-choice,Scores apply only after a page stays on the paid-outreach list.,"Major publication. A $50–100 insertion is implausible, and no rate was found."
romantic getaways in alaska,90,11,romantic getaways in alaska CM1539,https://www.aaa.com/tripcanvas/article/romantic-getaways-in-alaska-CM1539,aaa.com,,72.8,Alaska,Travel blog,2026-09-27,Excluded,excluded,"Major publication. A $50–100 insertion is implausible, and no rate was found.",,,observed,,,,https://hotelhottubs.com/alaska,Scores apply only after a page stays on the paid-outreach list.,"Major publication. A $50–100 insertion is implausible, and no rate was found."
romantic getaways in tennessee,880,11,romantic getaways tennessee,https://www.theknot.com/content/romantic-getaways-tennessee,theknot.com,77,64.4,Tennessee,Wedding / honeymoon,2026-09-27,Excluded,excluded,"Major publication. A $50–100 insertion is implausible, and no rate was found.",,,observed,,,,https://hotelhottubs.com/tennessee,Scores apply only after a page stays on the paid-outreach list.,"Major publication. A $50–100 insertion is implausible, and no rate was found."
romantic resorts in kentucky,720,11,romantic getaways kentucky,https://www.theknot.com/content/romantic-getaways-kentucky,theknot.com,77,64.1,Kentucky,Wedding / honeymoon,2026-09-11,Excluded,excluded,"Major publication. A $50–100 insertion is implausible, and no rate was found.",,,observed,,,,https://hotelhottubs.com/kentucky,Scores apply only after a page stays on the paid-outreach list.,"Major publication. A $50–100 insertion is implausible, and no rate was found."
romantic places to stay in Eureka Springs,,11,romantic getaways eureka springs,https://canucanoe.com/blog/romantic-getaways-eureka-springs,canucanoe.com,,62.7,National,Travel blog,2026-09-27,Excluded,excluded,"Lodging operator. The page sells its own rooms, cabins, or rentals.",,,observed,,,https://canucanoe.com/contact,https://hotelhottubs.com/editors-choice,Scores apply only after a page stays on the paid-outreach list.,"Lodging operator. The page sells its own rooms, cabins, or rentals."
couples getaways in ohio,1000,11,romantic getaways in ohio 8426869,https://www.midwestliving.com/romantic-getaways-in-ohio-8426869,midwestliving.com,50,62.5,Ohio,National magazine,2026-09-11,Excluded,excluded,"Major publication. A $50–100 insertion is implausible, and no rate was found.",,,observed,,,,https://hotelhottubs.com/ohio,Scores apply only after a page stays on the paid-outreach list.,"Major publication. A $50–100 insertion is implausible, and no rate was found."
romantic getaways in indiana,1000,11,the 18 best romantic getaways in indiana 8430613,https://www.midwestliving.com/the-18-best-romantic-getaways-in-indiana-8430613,midwestliving.com,50,61.7,Indiana,National magazine,2026-09-11,Excluded,excluded,"Major publication. A $50–100 insertion is implausible, and no rate was found.",,,observed,,,,https://hotelhottubs.com/indiana,Scores apply only after a page stays on the paid-outreach list.,"Major publication. A $50–100 insertion is implausible, and no rate was found."
romantic getaways in kansas,260,11,romantic getaways kansas,https://www.theknot.com/content/romantic-getaways-kansas,theknot.com,77,61.7,Kansas,Wedding / honeymoon,2026-09-27,Excluded,excluded,"Major publication. A $50–100 insertion is implausible, and no rate was found.",,,observed,,,,https://hotelhottubs.com/missouri/kansas-city,Scores apply only after a page stays on the paid-outreach list.,"Major publication. A $50–100 insertion is implausible, and no rate was found."
romantic hotels in Sedona,,11,romance package at the arabella sedona,https://www.arabellahotelsedona.com/uncategorized/romance-package-at-the-arabella-sedona/,arabellahotelsedona.com,,61.6,National,Travel blog,2026-09-27,Excluded,excluded,"Lodging operator. The page sells its own rooms, cabins, or rentals.",,,observed,,,https://www.arabellahotelsedona.com/contact-location/,https://hotelhottubs.com/editors-choice,Scores apply only after a page stays on the paid-outreach list.,"Lodging operator. The page sells its own rooms, cabins, or rentals."
romantic getaways in Connecticut,,11,romantic getaways connecticut,https://www.theknot.com/content/romantic-getaways-connecticut,theknot.com,77,54.6,National,Wedding / honeymoon,2026-09-27,Excluded,excluded,"Major publication. A $50–100 insertion is implausible, and no rate was found.",,,observed,,,,https://hotelhottubs.com/editors-choice,Scores apply only after a page stays on the paid-outreach list.,"Major publication. A $50–100 insertion is implausible, and no rate was found."
romantic getaways in Massachusetts,,11,berkshires romantic getaway,https://www.chamberyinn.com/berkshires-romantic-getaway,chamberyinn.com,,54.5,National,Tourism,2026-09-27,Excluded,excluded,"Lodging operator. The page sells its own rooms, cabins, or rentals.",,,observed,,,,https://hotelhottubs.com/editors-choice,Scores apply only after a page stays on the paid-outreach list.,"Lodging operator. The page sells its own rooms, cabins, or rentals."
romantic resorts in georgia,2400,12,best resorts in georgia r60,https://travel.usnews.com/hotels/best-resorts-in-georgia-r60/,usnews.com,89,74.8,Georgia,Local media,2026-09-11,Excluded,excluded,"Major publication. A $50–100 insertion is implausible, and no rate was found.",,,observed,,,,https://hotelhottubs.com/georgia,Scores apply only after a page stays on the paid-outreach list.,"Major publication. A $50–100 insertion is implausible, and no rate was found."
romantic resorts in virginia,880,12,best resorts in virginia r94,https://travel.usnews.com/hotels/best-resorts-in-virginia-r94/,usnews.com,89,73.5,Virginia,Local media,2026-09-11,Excluded,excluded,"Major publication. A $50–100 insertion is implausible, and no rate was found.",,,observed,,,,https://hotelhottubs.com/virginia,Scores apply only after a page stays on the paid-outreach list.,"Major publication. A $50–100 insertion is implausible, and no rate was found."
romantic getaways in alaska,90,12,unique romantic getaways in alaska,https://favoritebay.com/blog-posts/unique-romantic-getaways-in-alaska,favoritebay.com,,72.2,Alaska,Travel blog,2026-09-27,Excluded,excluded,"Lodging operator. The page sells its own rooms, cabins, or rentals.",,,observed,,,https://favoritebay.com/contact,https://hotelhottubs.com/alaska,Scores apply only after a page stays on the paid-outreach list.,"Lodging operator. The page sells its own rooms, cabins, or rentals."
romantic getaways in texas,2900,12,romantic getaways in texas,https://www.cntraveler.com/gallery/romantic-getaways-in-texas,cntraveler.com,76,63.5,Texas,National magazine,2026-09-11,Excluded,excluded,"Major publication. A $50–100 insertion is implausible, and no rate was found.",,,observed,,,,https://hotelhottubs.com/texas,Scores apply only after a page stays on the paid-outreach list.,"Major publication. A $50–100 insertion is implausible, and no rate was found."
romantic getaways in Shenandoah Valley,,12,romantic getaways,https://steelestavern.com/blog/category/romantic-getaways/,steelestavern.com,,63.3,National,Travel blog,2026-09-27,Excluded,excluded,"Lodging operator. The page sells its own rooms, cabins, or rentals.",,,observed,,,,https://hotelhottubs.com/editors-choice,Scores apply only after a page stays on the paid-outreach list.,"Lodging operator. The page sells its own rooms, cabins, or rentals."
weekend getaways in florida,3600,12,romantic getaways in florida 7095080,https://www.southernliving.com/romantic-getaways-in-florida-7095080,southernliving.com,79,61.6,Florida,National magazine,2026-09-11,Excluded,excluded,"Major publication. A $50–100 insertion is implausible, and no rate was found.",,,observed,,,,https://hotelhottubs.com/florida,Scores apply only after a page stays on the paid-outreach list.,"Major publication. A $50–100 insertion is implausible, and no rate was found."
romantic getaways in illinois,880,12,romantic getaways in illinois 8553505,https://www.midwestliving.com/romantic-getaways-in-illinois-8553505,midwestliving.com,50,60.0,Illinois,National magazine,2026-09-27,Excluded,excluded,"Major publication. A $50–100 insertion is implausible, and no rate was found.",,,observed,,,,https://hotelhottubs.com/illinois,Scores apply only after a page stays on the paid-outreach list.,"Major publication. A $50–100 insertion is implausible, and no rate was found."
weekend getaways in illinois,590,12,getaway to southern illinois,https://www.midwestliving.com/travel/illinois/getaway-to-southern-illinois/,midwestliving.com,50,59.7,Illinois,National magazine,2026-09-27,Excluded,excluded,"Major publication. A $50–100 insertion is implausible, and no rate was found.",,,observed,,,,https://hotelhottubs.com/illinois,Scores apply only after a page stays on the paid-outreach list.,"Major publication. A $50–100 insertion is implausible, and no rate was found."
romantic places to stay in Charleston SC,,12,best hotels in charleston,https://www.cntraveler.com/gallery/best-hotels-in-charleston,cntraveler.com,76,52.7,National,National magazine,2026-09-27,Excluded,excluded,"Major publication. A $50–100 insertion is implausible, and no rate was found.",,,observed,,,,https://hotelhottubs.com/editors-choice,Scores apply only after a page stays on the paid-outreach list.,"Major publication. A $50–100 insertion is implausible, and no rate was found."
romantic getaways in Sonoma County,,12,sonoma valley honeymoon,https://www.theknot.com/content/sonoma-valley-honeymoon,theknot.com,77,51.2,National,Wedding / honeymoon,2026-09-27,Excluded,excluded,"Major publication. A $50–100 insertion is implausible, and no rate was found.",,,observed,,,,https://hotelhottubs.com/editors-choice,Scores apply only after a page stays on the paid-outreach list.,"Major publication. A $50–100 insertion is implausible, and no rate was found."
romantic getaways in new york state,70,13,romantic getaways new york,https://www.cntraveler.com/gallery/romantic-getaways-new-york,cntraveler.com,76,66.0,New York,National magazine,2026-09-11,Excluded,excluded,"Major publication. A $50–100 insertion is implausible, and no rate was found.",,,observed,,,,https://hotelhottubs.com/new-york,Scores apply only after a page stays on the paid-outreach list.,"Major publication. A $50–100 insertion is implausible, and no rate was found."
romantic getaways in arizona,720,13,romantic getaways arizona,https://www.theknot.com/content/romantic-getaways-arizona,theknot.com,77,62.3,Arizona,Wedding / honeymoon,2026-09-27,Excluded,excluded,"Major publication. A $50–100 insertion is implausible, and no rate was found.",,,observed,,,,https://hotelhottubs.com/arizona,Scores apply only after a page stays on the paid-outreach list.,"Major publication. A $50–100 insertion is implausible, and no rate was found."
romantic getaways in Sonoma County,,13,8 romantic sonoma hotels amp inns with private spa baths,https://cottageinnandspa.com/press/8-romantic-sonoma-hotels-amp-inns-with-private-spa-baths,cottageinnandspa.com,,62.2,National,Travel blog,2026-09-27,Excluded,excluded,"Lodging operator. The page sells its own rooms, cabins, or rentals.",,,observed,,,https://cottageinnandspa.com/about,https://hotelhottubs.com/editors-choice,Scores apply only after a page stays on the paid-outreach list.,"Lodging operator. The page sells its own rooms, cabins, or rentals."
romantic getaways in hawaii,140,13,romantic getaways hawaii,https://www.theknot.com/content/romantic-getaways-hawaii,theknot.com,77,61.4,Hawaii,Wedding / honeymoon,2026-09-27,Excluded,excluded,"Major publication. A $50–100 insertion is implausible, and no rate was found.",,,observed,,,,https://hotelhottubs.com/hawaii,Scores apply only after a page stays on the paid-outreach list.,"Major publication. A $50–100 insertion is implausible, and no rate was found."
romantic getaways in louisiana,320,13,romantic getaways louisiana,https://www.theknot.com/content/romantic-getaways-louisiana,theknot.com,77,59.8,Louisiana,Wedding / honeymoon,2026-09-27,Excluded,excluded,"Major publication. A $50–100 insertion is implausible, and no rate was found.",,,observed,,,,https://hotelhottubs.com/louisiana,Scores apply only after a page stays on the paid-outreach list.,"Major publication. A $50–100 insertion is implausible, and no rate was found."
romantic getaways in Maryland,,13,experience a romantic getaway in maryland at deep creek lake,https://bluemoonrising.org/blog/all/experience-a-romantic-getaway-in-maryland-at-deep-creek-lake/,bluemoonrising.org,,51.7,National,Tourism,2026-09-27,Excluded,excluded,"Lodging operator. The page sells its own rooms, cabins, or rentals.",,,observed,,,https://bluemoonrising.org/contact-us/,https://hotelhottubs.com/editors-choice,Scores apply only after a page stays on the paid-outreach list.,"Lodging operator. The page sells its own rooms, cabins, or rentals."
romantic getaways in las vegas,,13,las vegas romantic getaway travel guide,https://10best.usatoday.com/travel/las-vegas-romantic-getaway-travel-guide/,usatoday.com,90,49.1,Las Vegas,Newspaper travel,2026-09-27,Excluded,excluded,"Major publication. A $50–100 insertion is implausible, and no rate was found.",,,observed,,,,https://hotelhottubs.com/nevada/las-vegas,Scores apply only after a page stays on the paid-outreach list.,"Major publication. A $50–100 insertion is implausible, and no rate was found."
romantic hotels in Savannah,,13,best hotels in savannah,https://www.cntraveler.com/gallery/best-hotels-in-savannah,cntraveler.com,76,47.1,National,National magazine,2026-09-27,Excluded,excluded,"Major publication. A $50–100 insertion is implausible, and no rate was found.",,,observed,,,,https://hotelhottubs.com/editors-choice,Scores apply only after a page stays on the paid-outreach list.,"Major publication. A $50–100 insertion is implausible, and no rate was found."
romantic places to stay in Key West,,13,key west hotel nicest and most romantic 313230,https://www.fodors.com/community/united-states/key-west-hotel-nicest-and-most-romantic-313230/,fodors.com,,47.1,National,National magazine,2026-09-27,Excluded,excluded,"Major publication. A $50–100 insertion is implausible, and no rate was found.",,,observed,,,,https://hotelhottubs.com/editors-choice,Scores apply only after a page stays on the paid-outreach list.,"Major publication. A $50–100 insertion is implausible, and no rate was found."
weekend getaways in illinois,590,14,romantic getaways in illinois,https://shawneeforestcabins.com/romantic-getaways-in-illinois/,shawneeforestcabins.com,,78.4,Illinois,Travel blog,2026-09-27,Excluded,excluded,"Lodging operator. The page sells its own rooms, cabins, or rentals.",,,observed,,,https://shawneeforestcabins.com/contact/,https://hotelhottubs.com/illinois,Scores apply only after a page stays on the paid-outreach list.,"Lodging operator. The page sells its own rooms, cabins, or rentals."
weekend getaways in indiana,720,14,weekend getaways indiana usa,https://glampinghub.com/rentalsearch/weekend-getaways-indiana-usa/,glampinghub.com,38,74.3,Indiana,Travel blog,2026-09-27,Excluded,excluded,"Lodging operator. The page sells its own rooms, cabins, or rentals.",,,observed,,,https://glampinghub.com/work-with-us,https://hotelhottubs.com/indiana,Scores apply only after a page stays on the paid-outreach list.,"Independent publisher with an overnight-travel article. Affiliate links, when present, do not make this a booking marketplace."
romantic getaways in new mexico,210,14,best resorts in new mexico r79,https://travel.usnews.com/hotels/best-resorts-in-new_mexico-r79/,usnews.com,89,70.0,New Mexico,Local media,2026-09-27,Excluded,excluded,"Major publication. A $50–100 insertion is implausible, and no rate was found.",,,observed,,,,https://hotelhottubs.com/new-mexico,Scores apply only after a page stays on the paid-outreach list.,"Major publication. A $50–100 insertion is implausible, and no rate was found."
romantic getaways in georgia,2400,14,romantic getaways georgia,https://www.theknot.com/content/romantic-getaways-georgia,theknot.com,77,63.2,Georgia,Wedding / honeymoon,2026-09-11,Excluded,excluded,"Major publication. A $50–100 insertion is implausible, and no rate was found.",,,observed,,,,https://hotelhottubs.com/georgia,Scores apply only after a page stays on the paid-outreach list.,"Major publication. A $50–100 insertion is implausible, and no rate was found."
romantic getaways in kansas city,,14,romantic getaways kansas,https://www.theknot.com/content/romantic-getaways-kansas,theknot.com,77,61.7,Kansas City,Wedding / honeymoon,2026-09-27,Excluded,excluded,"Major publication. A $50–100 insertion is implausible, and no rate was found.",,,observed,,,,https://hotelhottubs.com/missouri/kansas-city,Scores apply only after a page stays on the paid-outreach list.,"Major publication. A $50–100 insertion is implausible, and no rate was found."
romantic hotels in Galena IL,,14,romantic getaway in galena il,https://hawkvalleyretreat.com/2026/02/14/romantic-getaway-in-galena-il/,hawkvalleyretreat.com,,60.5,National,Travel blog,2026-09-27,Excluded,excluded,"Lodging operator. The page sells its own rooms, cabins, or rentals.",,,observed,,,,https://hotelhottubs.com/editors-choice,Scores apply only after a page stays on the paid-outreach list.,"Lodging operator. The page sells its own rooms, cabins, or rentals."
romantic getaways in south carolina,590,14,romantic getaways south carolina,https://www.theknot.com/content/romantic-getaways-south-carolina,theknot.com,77,60.4,South Carolina,Wedding / honeymoon,2026-09-27,Excluded,excluded,"Major publication. A $50–100 insertion is implausible, and no rate was found.",,,observed,,,,https://hotelhottubs.com/south-carolina,Scores apply only after a page stays on the paid-outreach list.,"Major publication. A $50–100 insertion is implausible, and no rate was found."
romantic getaways in South Carolina,,14,romantic getaways south carolina,https://www.theknot.com/content/romantic-getaways-south-carolina,theknot.com,77,60.4,National,Wedding / honeymoon,2026-09-27,Excluded,excluded,"Major publication. A $50–100 insertion is implausible, and no rate was found.",,,observed,,,,https://hotelhottubs.com/south-carolina,Scores apply only after a page stays on the paid-outreach list.,"Major publication. A $50–100 insertion is implausible, and no rate was found."
romantic places to stay in New Orleans,,14,best hotels in new orleans,https://www.cntraveler.com/gallery/best-hotels-in-new-orleans,cntraveler.com,76,50.5,National,National magazine,2026-09-27,Excluded,excluded,"Major publication. A $50–100 insertion is implausible, and no rate was found.",,,observed,,,,https://hotelhottubs.com/editors-choice,Scores apply only after a page stays on the paid-outreach list.,"Major publication. A $50–100 insertion is implausible, and no rate was found."
romantic hotels in Key West,,14,best romantic hotels key west fl,https://10best.usatoday.com/travel/best-romantic-hotels-key-west-fl/,usatoday.com,90,46.0,National,Newspaper travel,2026-09-27,Excluded,excluded,"Major publication. A $50–100 insertion is implausible, and no rate was found.",,,observed,,,,https://hotelhottubs.com/editors-choice,Scores apply only after a page stays on the paid-outreach list.,"Major publication. A $50–100 insertion is implausible, and no rate was found."
weekend getaways in georgia,1000,15,What are some last minute weekend getaways from Atlanta Georgia,https://www.quora.com/What-are-some-last-minute-weekend-getaways-from-Atlanta-Georgia,quora.com,100,73.6,Georgia,Travel blog,2026-09-11,Excluded,excluded,Forum or user-generated discussion.,,,observed,,,,https://hotelhottubs.com/georgia,Scores apply only after a page stays on the paid-outreach list.,Forum or user-generated discussion.
romantic resorts in michigan,2400,15,best resorts in michigan r72,https://travel.usnews.com/hotels/best-resorts-in-michigan-r72/,usnews.com,89,73.4,Michigan,Local media,2026-09-11,Excluded,excluded,"Major publication. A $50–100 insertion is implausible, and no rate was found.",,,observed,,,,https://hotelhottubs.com/michigan,Scores apply only after a page stays on the paid-outreach list.,"Major publication. A $50–100 insertion is implausible, and no rate was found."
best babymoon destinations,,15,romantic and relaxing babymoon ideas,https://travel.usnews.com/features/romantic-and-relaxing-babymoon-ideas,usnews.com,89,61.7,National,Local media,2026-09-27,Excluded,excluded,"Major publication. A $50–100 insertion is implausible, and no rate was found.",,,observed,,,,https://hotelhottubs.com/editors-choice,Scores apply only after a page stays on the paid-outreach list.,"Major publication. A $50–100 insertion is implausible, and no rate was found."
romantic getaways in alabama,590,15,romantic getaways alabama,https://www.theknot.com/content/romantic-getaways-alabama,theknot.com,77,61.6,Alabama,Wedding / honeymoon,2026-09-27,Excluded,excluded,"Major publication. A $50–100 insertion is implausible, and no rate was found.",,,observed,,,,https://hotelhottubs.com/alabama,Scores apply only after a page stays on the paid-outreach list.,"Major publication. A $50–100 insertion is implausible, and no rate was found."
romantic getaways in Vermont,,15,romantic trip ideas 7099139,https://www.travelandleisure.com/romantic-trip-ideas-7099139,travelandleisure.com,69,59.2,National,National magazine,2026-09-27,Excluded,excluded,"Major publication. A $50–100 insertion is implausible, and no rate was found.",,,observed,,,,https://hotelhottubs.com/vermont,Scores apply only after a page stays on the paid-outreach list.,"Major publication. A $50–100 insertion is implausible, and no rate was found."
romantic getaways in vermont,720,15,romantic trip ideas 7099139,https://www.travelandleisure.com/romantic-trip-ideas-7099139,travelandleisure.com,69,59.2,Vermont,National magazine,2026-09-27,Excluded,excluded,"Major publication. A $50–100 insertion is implausible, and no rate was found.",,,observed,,,,https://hotelhottubs.com/vermont,Scores apply only after a page stays on the paid-outreach list.,"Major publication. A $50–100 insertion is implausible, and no rate was found."
romantic hotels in new york state,1600,15,10 best romantic hotels new york state,https://10best.usatoday.com/travel/10-best-romantic-hotels-new-york-state/,usatoday.com,90,59.2,New York,Newspaper travel,2026-09-11,Excluded,excluded,"Major publication. A $50–100 insertion is implausible, and no rate was found.",,,observed,,,,https://hotelhottubs.com/new-york,Scores apply only after a page stays on the paid-outreach list.,"Major publication. A $50–100 insertion is implausible, and no rate was found."
romantic getaways in mississippi,260,15,romantic getaways mississippi,https://www.theknot.com/content/romantic-getaways-mississippi,theknot.com,77,58.7,Mississippi,Wedding / honeymoon,2026-09-27,Excluded,excluded,"Major publication. A $50–100 insertion is implausible, and no rate was found.",,,observed,,,,https://hotelhottubs.com/mississippi,Scores apply only after a page stays on the paid-outreach list.,"Major publication. A $50–100 insertion is implausible, and no rate was found."
romantic getaways in west virginia,590,16,romantic getaways in wv,https://www.ace.aaa.com/publications/travel/us-destinations/west-virginia/romantic-getaways-in-wv.html,aaa.com,,71.3,West Virginia,Travel blog,2026-09-27,Excluded,excluded,"Major publication. A $50–100 insertion is implausible, and no rate was found.",,,observed,,,,https://hotelhottubs.com/west-virginia,Scores apply only after a page stays on the paid-outreach list.,"Major publication. A $50–100 insertion is implausible, and no rate was found."
romantic getaways in kentucky,720,16,romantic getaways kentucky,https://www.theknot.com/content/romantic-getaways-kentucky,theknot.com,77,64.1,Kentucky,Wedding / honeymoon,2026-09-11,Excluded,excluded,"Major publication. A $50–100 insertion is implausible, and no rate was found.",,,observed,,,,https://hotelhottubs.com/kentucky,Scores apply only after a page stays on the paid-outreach list.,"Major publication. A $50–100 insertion is implausible, and no rate was found."
best anniversary trip ideas,,16,the 6 best anniversary trips for couples that you likely didnt think of 16988910,https://www.elitedaily.com/p/the-6-best-anniversary-trips-for-couples-that-you-likely-didnt-think-of-16988910,elitedaily.com,,61.9,National,Travel blog,2026-09-27,Excluded,excluded,"Major publication. A $50–100 insertion is implausible, and no rate was found.",,,observed,,,,https://hotelhottubs.com/editors-choice,Scores apply only after a page stays on the paid-outreach list.,"Major publication. A $50–100 insertion is implausible, and no rate was found."
romantic getaways in arkansas,880,16,romantic getaways arkansas,https://www.theknot.com/content/romantic-getaways-arkansas,theknot.com,77,61.3,Arkansas,Wedding / honeymoon,2026-09-11,Excluded,excluded,"Major publication. A $50–100 insertion is implausible, and no rate was found.",,,observed,,,,https://hotelhottubs.com/arkansas,Scores apply only after a page stays on the paid-outreach list.,"Major publication. A $50–100 insertion is implausible, and no rate was found."
romantic getaways in Maryland,,16,romantic getaways maryland,https://www.theknot.com/content/romantic-getaways-maryland,theknot.com,77,49.5,National,Wedding / honeymoon,2026-09-27,Excluded,excluded,"Major publication. A $50–100 insertion is implausible, and no rate was found.",,,observed,,,,https://hotelhottubs.com/editors-choice,Scores apply only after a page stays on the paid-outreach list.,"Major publication. A $50–100 insertion is implausible, and no rate was found."
romantic getaways in Pennsylvania,,16,romantic getaways pennsylvania,https://www.theknot.com/content/romantic-getaways-pennsylvania,theknot.com,77,49.5,National,Wedding / honeymoon,2026-09-27,Excluded,excluded,"Major publication. A $50–100 insertion is implausible, and no rate was found.",,,observed,,,,https://hotelhottubs.com/editors-choice,Scores apply only after a page stays on the paid-outreach list.,"Major publication. A $50–100 insertion is implausible, and no rate was found."
best romantic getaways in the us,,16,most popular destinations for romantic getaway analysis 8784752,https://www.travelandleisure.com/most-popular-destinations-for-romantic-getaway-analysis-8784752,travelandleisure.com,69,46.8,National,National magazine,2026-09-27,Excluded,excluded,"Major publication. A $50–100 insertion is implausible, and no rate was found.",,,observed,,,,https://hotelhottubs.com/editors-choice,Scores apply only after a page stays on the paid-outreach list.,"Major publication. A $50–100 insertion is implausible, and no rate was found."
romantic hotels in Cape Cod,,16,best cape cod hotels,https://www.cntraveler.com/story/best-cape-cod-hotels,cntraveler.com,76,45.9,National,National magazine,2026-09-27,Excluded,excluded,"Major publication. A $50–100 insertion is implausible, and no rate was found.",,,observed,,,,https://hotelhottubs.com/editors-choice,Scores apply only after a page stays on the paid-outreach list.,"Major publication. A $50–100 insertion is implausible, and no rate was found."
romantic resorts in north carolina,1900,17,best resorts in north carolina r81,https://travel.usnews.com/hotels/best-resorts-in-north_carolina-r81/,usnews.com,89,72.1,North Carolina,Local media,2026-09-11,Excluded,excluded,"Major publication. A $50–100 insertion is implausible, and no rate was found.",,,observed,,,,https://hotelhottubs.com/north-carolina,Scores apply only after a page stays on the paid-outreach list.,"Major publication. A $50–100 insertion is implausible, and no rate was found."
weekend getaways in florida,3600,17,romantic getaways in florida,https://www.travelandleisure.com/trip-ideas/romantic-getaways/romantic-getaways-in-florida,travelandleisure.com,69,62.7,Florida,National magazine,2026-09-11,Excluded,excluded,"Major publication. A $50–100 insertion is implausible, and no rate was found.",,,observed,,,,https://hotelhottubs.com/florida,Scores apply only after a page stays on the paid-outreach list.,"Major publication. A $50–100 insertion is implausible, and no rate was found."
romantic getaways in florida,2400,17,romantic getaways in florida 7095080,https://www.southernliving.com/romantic-getaways-in-florida-7095080,southernliving.com,79,61.6,Florida,National magazine,2026-09-11,Excluded,excluded,"Major publication. A $50–100 insertion is implausible, and no rate was found.",,,observed,,,,https://hotelhottubs.com/florida,Scores apply only after a page stays on the paid-outreach list.,"Major publication. A $50–100 insertion is implausible, and no rate was found."
romantic hotels in florida,480,17,romantic getaways in florida 7095080,https://www.southernliving.com/romantic-getaways-in-florida-7095080,southernliving.com,79,61.6,Florida,National magazine,2026-09-11,Excluded,excluded,"Major publication. A $50–100 insertion is implausible, and no rate was found.",,,observed,,,,https://hotelhottubs.com/florida,Scores apply only after a page stays on the paid-outreach list.,"Major publication. A $50–100 insertion is implausible, and no rate was found."
romantic getaways in utah,480,17,romantic getaways utah,https://www.theknot.com/content/romantic-getaways-utah,theknot.com,77,60.8,Utah,Wedding / honeymoon,2026-09-27,Excluded,excluded,"Major publication. A $50–100 insertion is implausible, and no rate was found.",,,observed,,,,https://hotelhottubs.com/utah,Scores apply only after a page stays on the paid-outreach list.,"Major publication. A $50–100 insertion is implausible, and no rate was found."
romantic getaways in South Carolina,,17,efe6cd90609748046297a45fd7538ffd.pdf,https://admin.charlestoncvb.com/storage/press/pdf/efe6cd90609748046297a45fd7538ffd.pdf,charlestoncvb.com,,59.2,National,Tourism,2026-09-27,Excluded,excluded,"PDF file, not an article page.",,,observed,,,,https://hotelhottubs.com/south-carolina,Scores apply only after a page stays on the paid-outreach list.,"PDF file, not an article page."
romantic getaways in south carolina,590,17,efe6cd90609748046297a45fd7538ffd.pdf,https://admin.charlestoncvb.com/storage/press/pdf/efe6cd90609748046297a45fd7538ffd.pdf,charlestoncvb.com,,59.2,South Carolina,Tourism,2026-09-27,Excluded,excluded,"PDF file, not an article page.",,,observed,,,,https://hotelhottubs.com/south-carolina,Scores apply only after a page stays on the paid-outreach list.,"PDF file, not an article page."
romantic hotels in Galena IL,,17,why galena is the best romantic winter getaway,https://aldrichguesthouse.com/blog/why-galena-is-the-best-romantic-winter-getaway,aldrichguesthouse.com,,58.8,National,Travel blog,2026-09-27,Excluded,excluded,"Lodging operator. The page sells its own rooms, cabins, or rentals.",,,observed,,,https://aldrichguesthouse.com/contact,https://hotelhottubs.com/editors-choice,Scores apply only after a page stays on the paid-outreach list.,"Lodging operator. The page sells its own rooms, cabins, or rentals."
romantic getaways in new jersey,1000,17,romantic getaways nj,https://www.theknot.com/content/romantic-getaways-nj,theknot.com,77,58.2,New Jersey,Wedding / honeymoon,2026-09-11,Excluded,excluded,"Major publication. A $50–100 insertion is implausible, and no rate was found.",,,observed,,,,https://hotelhottubs.com/new-jersey,Scores apply only after a page stays on the paid-outreach list.,"Major publication. A $50–100 insertion is implausible, and no rate was found."
romantic getaways in orlando,,17,the best romantic getaways,https://www.frommers.com/destinations/orlando/things-to-do/the-best-romantic-getaways/,frommers.com,,48.0,Orlando,National magazine,2026-09-27,Excluded,excluded,"Major publication. A $50–100 insertion is implausible, and no rate was found.",,,observed,,,,https://hotelhottubs.com/florida/orlando,Scores apply only after a page stays on the paid-outreach list.,"Major publication. A $50–100 insertion is implausible, and no rate was found."
romantic hotels in new york state,1600,18,top romantic getaways in new york state,https://travel.usnews.com/features/top-romantic-getaways-in-new-york-state,usnews.com,89,71.3,New York,Local media,2026-09-11,Excluded,excluded,"Major publication. A $50–100 insertion is implausible, and no rate was found.",,,observed,,,,https://hotelhottubs.com/new-york,Scores apply only after a page stays on the paid-outreach list.,"Major publication. A $50–100 insertion is implausible, and no rate was found."
romantic getaways in oklahoma,720,18,romantic cabin getaway in oklahoma,https://beaversbendadventures.com/blog/romantic-cabin-getaway-in-oklahoma,beaversbendadventures.com,,69.2,Oklahoma,Travel blog,2026-09-27,Excluded,excluded,"Lodging operator. The page sells its own rooms, cabins, or rentals.",,,observed,,,,https://hotelhottubs.com/oklahoma,Scores apply only after a page stays on the paid-outreach list.,"The article has not been fetched, so the publisher business model is unconfirmed."
romantic getaways in alaska,90,18,dream alaska honeymoon,https://stillpointlodge.com/news/dream-alaska-honeymoon,stillpointlodge.com,,67.3,Alaska,Editorial,2026-09-27,Excluded,excluded,"Lodging operator. The page sells its own rooms, cabins, or rentals.",,,observed,,,https://stillpointlodge.com/contact,https://hotelhottubs.com/alaska,Scores apply only after a page stays on the paid-outreach list.,"Lodging operator. The page sells its own rooms, cabins, or rentals."
romantic getaways in montana,390,18,romantic getaways montana,https://www.theknot.com/content/romantic-getaways-montana,theknot.com,77,65.3,Montana,Wedding / honeymoon,2026-09-11,Excluded,excluded,"Major publication. A $50–100 insertion is implausible, and no rate was found.",,,observed,,,,https://hotelhottubs.com/montana,Scores apply only after a page stays on the paid-outreach list.,"Major publication. A $50–100 insertion is implausible, and no rate was found."
romantic places to stay in Napa,,18,a napa valley romantic getaway at river pointe,https://www.riverpointeresort.com/a-napa-valley-romantic-getaway-at-river-pointe/,riverpointeresort.com,,63.7,National,Travel blog,2026-09-27,Excluded,excluded,"Lodging operator. The page sells its own rooms, cabins, or rentals.",,,observed,,,https://www.riverpointeresort.com/contact/,https://hotelhottubs.com/editors-choice,Scores apply only after a page stays on the paid-outreach list.,"Lodging operator. The page sells its own rooms, cabins, or rentals."
romantic getaways near Portland,,18,Can you recommend a romantic weekend getaway from Portland OR,https://www.quora.com/Can-you-recommend-a-romantic-weekend-getaway-from-Portland-OR,quora.com,100,60.4,National,Travel blog,2026-09-27,Excluded,excluded,Forum or user-generated discussion.,,,observed,,,,https://hotelhottubs.com/editors-choice,Scores apply only after a page stays on the paid-outreach list.,Forum or user-generated discussion.
romantic getaways in idaho,210,18,romantic getaways idaho,https://www.theknot.com/content/romantic-getaways-idaho,theknot.com,77,59.8,Idaho,Wedding / honeymoon,2026-09-27,Excluded,excluded,"Major publication. A $50–100 insertion is implausible, and no rate was found.",,,observed,,,,https://hotelhottubs.com/idaho,Scores apply only after a page stays on the paid-outreach list.,"Major publication. A $50–100 insertion is implausible, and no rate was found."
romantic hotels in Key West,,18,key west florida honeymoon itinerary,https://www.brides.com/story/key-west-florida-honeymoon-itinerary,brides.com,,46.7,National,Wedding / honeymoon,2026-09-27,Excluded,excluded,"Major publication. A $50–100 insertion is implausible, and no rate was found.",,,observed,,,,https://hotelhottubs.com/editors-choice,Scores apply only after a page stays on the paid-outreach list.,"Major publication. A $50–100 insertion is implausible, and no rate was found."
romantic cabin getaways,,18,best airbnbs for romantic cabin getaways,https://www.cntraveler.com/gallery/best-airbnbs-for-romantic-cabin-getaways,cntraveler.com,76,44.0,National,National magazine,2026-09-27,Excluded,excluded,"Major publication. A $50–100 insertion is implausible, and no rate was found.",,,observed,,,,https://hotelhottubs.com/editors-choice,Scores apply only after a page stays on the paid-outreach list.,"Major publication. A $50–100 insertion is implausible, and no rate was found."
romantic hotels in Napa,,19,a napa valley romantic getaway at river pointe,https://www.riverpointeresort.com/a-napa-valley-romantic-getaway-at-river-pointe/,riverpointeresort.com,,63.7,National,Travel blog,2026-09-27,Excluded,excluded,"Lodging operator. The page sells its own rooms, cabins, or rentals.",,,observed,,,https://www.riverpointeresort.com/contact/,https://hotelhottubs.com/editors-choice,Scores apply only after a page stays on the paid-outreach list.,"Lodging operator. The page sells its own rooms, cabins, or rentals."
romantic resorts in ohio,3600,19,romantic getaways in ohio 8426869,https://www.midwestliving.com/romantic-getaways-in-ohio-8426869,midwestliving.com,50,62.5,Ohio,National magazine,2026-09-11,Excluded,excluded,"Major publication. A $50–100 insertion is implausible, and no rate was found.",,,observed,,,,https://hotelhottubs.com/ohio,Scores apply only after a page stays on the paid-outreach list.,"Major publication. A $50–100 insertion is implausible, and no rate was found."
weekend getaways in indiana,720,19,the 18 best romantic getaways in indiana 8430613,https://www.midwestliving.com/the-18-best-romantic-getaways-in-indiana-8430613,midwestliving.com,50,61.7,Indiana,National magazine,2026-09-11,Excluded,excluded,"Major publication. A $50–100 insertion is implausible, and no rate was found.",,,observed,,,,https://hotelhottubs.com/indiana,Scores apply only after a page stays on the paid-outreach list.,"Major publication. A $50–100 insertion is implausible, and no rate was found."
romantic getaways in the Adirondacks,,19,ignite the romance adirondack anniversary package at the alpine lodge,https://adirondackalpinelodge.com/ignite-the-romance-adirondack-anniversary-package-at-the-alpine-lodge/,adirondackalpinelodge.com,,59.3,National,Travel blog,2026-09-27,Excluded,excluded,"Lodging operator. The page sells its own rooms, cabins, or rentals.",,,observed,,,https://adirondackalpinelodge.com/contact/,https://hotelhottubs.com/editors-choice,Scores apply only after a page stays on the paid-outreach list.,"Lodging operator. The page sells its own rooms, cabins, or rentals."
romantic getaways in Pennsylvania,,19,the top romantic getaways in pennsylvania,https://travel.usnews.com/features/the-top-romantic-getaways-in-pennsylvania,usnews.com,89,58.6,National,Local media,2026-09-27,Excluded,excluded,"Major publication. A $50–100 insertion is implausible, and no rate was found.",,,observed,,,,https://hotelhottubs.com/editors-choice,Scores apply only after a page stays on the paid-outreach list.,"Major publication. A $50–100 insertion is implausible, and no rate was found."
romantic getaways in nebraska,140,19,romantic getaways nebraska,https://www.theknot.com/content/romantic-getaways-nebraska,theknot.com,77,58.2,Nebraska,Wedding / honeymoon,2026-09-27,Excluded,excluded,"Major publication. A $50–100 insertion is implausible, and no rate was found.",,,observed,,,,https://hotelhottubs.com/nebraska,Scores apply only after a page stays on the paid-outreach list.,"Major publication. A $50–100 insertion is implausible, and no rate was found."
romantic getaways in the Finger Lakes,,19,where to stay in new yorks finger lakes region,https://www.cntraveler.com/gallery/where-to-stay-in-new-yorks-finger-lakes-region,cntraveler.com,76,44.3,National,National magazine,2026-09-27,Excluded,excluded,"Major publication. A $50–100 insertion is implausible, and no rate was found.",,,observed,,,,https://hotelhottubs.com/editors-choice,Scores apply only after a page stays on the paid-outreach list.,"Major publication. A $50–100 insertion is implausible, and no rate was found."
romantic getaways in missouri,880,20,romantic small town missouri getaways,https://www.katytrailmercantile.com/post/romantic-small-town-missouri-getaways,katytrailmercantile.com,,70.6,Missouri,Travel blog,2026-09-27,Excluded,excluded,"Lodging operator. The page sells its own rooms, cabins, or rentals.",,,observed,,,,https://hotelhottubs.com/missouri,Scores apply only after a page stays on the paid-outreach list.,"The article has not been fetched, so the publisher business model is unconfirmed."
couples getaways in florida,880,20,romantic getaways in florida 7095080,https://www.southernliving.com/romantic-getaways-in-florida-7095080,southernliving.com,79,61.6,Florida,National magazine,2026-09-11,Excluded,excluded,"Major publication. A $50–100 insertion is implausible, and no rate was found.",,,observed,,,,https://hotelhottubs.com/florida,Scores apply only after a page stays on the paid-outreach list.,"Major publication. A $50–100 insertion is implausible, and no rate was found."
