phrase,family,geography,pilot,discovery_status,measured_volume,qualified_articles,notes
romantic getaways in the Hudson Valley,regional_romantic,the Hudson Valley,yes,cached,,1,"SERP cached. 20 organic results, 1 outreach-ready articles. Search volume has not been measured."
romantic weekend getaways in the Hudson Valley,regional_romantic,the Hudson Valley,no,cached,,0,SERP cached. Semrush returned no organic record for this phrase.
secluded romantic getaways in the Hudson Valley,regional_romantic,the Hudson Valley,no,cached,,0,SERP cached. Semrush returned no organic record for this phrase.
romantic getaways in the Catskills,regional_romantic,the Catskills,yes,cached,,1,"SERP cached. 20 organic results, 1 outreach-ready articles. Search volume has not been measured."
romantic weekend getaways in the Catskills,regional_romantic,the Catskills,no,cached,,0,SERP cached. Semrush returned no organic record for this phrase.
secluded romantic getaways in the Catskills,regional_romantic,the Catskills,no,cached,,0,SERP cached. Semrush returned no organic record for this phrase.
romantic getaways in the Finger Lakes,regional_romantic,the Finger Lakes,yes,cached,,1,"SERP cached. 20 organic results, 1 outreach-ready articles. Search volume has not been measured."
romantic weekend getaways in the Finger Lakes,regional_romantic,the Finger Lakes,no,cached,,0,SERP cached. Semrush returned no organic record for this phrase.
secluded romantic getaways in the Finger Lakes,regional_romantic,the Finger Lakes,no,unchecked,,,SERP not pulled. Volume stays blank until measured.
romantic getaways in the Poconos,regional_romantic,the Poconos,yes,cached,,2,"SERP cached. 20 organic results, 2 outreach-ready articles. Search volume has not been measured."
romantic weekend getaways in the Poconos,regional_romantic,the Poconos,no,cached,,0,SERP cached. Semrush returned no organic record for this phrase.
secluded romantic getaways in the Poconos,regional_romantic,the Poconos,no,unchecked,,,SERP not pulled. Volume stays blank until measured.
romantic getaways in the Berkshires,regional_romantic,the Berkshires,yes,cached,,0,SERP cached. Semrush returned no organic record for this phrase.
romantic weekend getaways in the Berkshires,regional_romantic,the Berkshires,no,cached,,0,SERP cached. Semrush returned no organic record for this phrase.
secluded romantic getaways in the Berkshires,regional_romantic,the Berkshires,no,unchecked,,,SERP not pulled. Volume stays blank until measured.
romantic getaways in New England,regional_romantic,New England,yes,cached,,4,"SERP cached. 20 organic results, 4 outreach-ready articles. Search volume has not been measured."
romantic weekend getaways in New England,regional_romantic,New England,no,cached,,2,"SERP cached. 20 organic results, 2 outreach-ready articles. Search volume has not been measured."
secluded romantic getaways in New England,regional_romantic,New England,no,cached,,0,SERP cached. Semrush returned no organic record for this phrase.
romantic getaways in Lancaster PA,regional_romantic,Lancaster PA,yes,cached,,2,"SERP cached. 20 organic results, 2 outreach-ready articles. Search volume has not been measured."
romantic weekend getaways in Lancaster PA,regional_romantic,Lancaster PA,no,cached,,0,SERP cached. Semrush returned no organic record for this phrase.
secluded romantic getaways in Lancaster PA,regional_romantic,Lancaster PA,no,unchecked,,,SERP not pulled. Volume stays blank until measured.
romantic getaways in Shenandoah Valley,regional_romantic,Shenandoah Valley,yes,cached,,0,"SERP cached. 20 organic results, 0 outreach-ready articles. Search volume has not been measured."
romantic weekend getaways in Shenandoah Valley,regional_romantic,Shenandoah Valley,no,cached,,0,SERP cached. Semrush returned no organic record for this phrase.
secluded romantic getaways in Shenandoah Valley,regional_romantic,Shenandoah Valley,no,unchecked,,,SERP not pulled. Volume stays blank until measured.
romantic getaways in the Blue Ridge Mountains,regional_romantic,the Blue Ridge Mountains,yes,cached,,0,SERP cached. Semrush returned no organic record for this phrase.
romantic weekend getaways in the Blue Ridge Mountains,regional_romantic,the Blue Ridge Mountains,no,cached,,0,SERP cached. Semrush returned no organic record for this phrase.
secluded romantic getaways in the Blue Ridge Mountains,regional_romantic,the Blue Ridge Mountains,no,unchecked,,,SERP not pulled. Volume stays blank until measured.
romantic getaways in the Smoky Mountains,regional_romantic,the Smoky Mountains,yes,cached,,1,"SERP cached. 20 organic results, 1 outreach-ready articles. Search volume has not been measured."
romantic weekend getaways in the Smoky Mountains,regional_romantic,the Smoky Mountains,no,cached,,0,SERP cached. Semrush returned no organic record for this phrase.
secluded romantic getaways in the Smoky Mountains,regional_romantic,the Smoky Mountains,no,cached,,0,SERP cached. Semrush returned no organic record for this phrase.
romantic getaways in the Ozarks,regional_romantic,the Ozarks,yes,cached,,0,SERP cached. Semrush returned no organic record for this phrase.
romantic weekend getaways in the Ozarks,regional_romantic,the Ozarks,no,cached,,0,SERP cached. Semrush returned no organic record for this phrase.
secluded romantic getaways in the Ozarks,regional_romantic,the Ozarks,no,unchecked,,,SERP not pulled. Volume stays blank until measured.
romantic getaways in Door County,regional_romantic,Door County,yes,cached,,3,"SERP cached. 20 organic results, 3 outreach-ready articles. Search volume has not been measured."
romantic weekend getaways in Door County,regional_romantic,Door County,no,cached,,0,SERP cached. Semrush returned no organic record for this phrase.
secluded romantic getaways in Door County,regional_romantic,Door County,no,cached,,0,SERP cached. Semrush returned no organic record for this phrase.
romantic getaways in northern Michigan,regional_romantic,northern Michigan,yes,cached,,3,"SERP cached. 20 organic results, 3 outreach-ready articles. Search volume has not been measured."
romantic weekend getaways in northern Michigan,regional_romantic,northern Michigan,no,cached,,0,SERP cached. Semrush returned no organic record for this phrase.
secluded romantic getaways in northern Michigan,regional_romantic,northern Michigan,no,unchecked,,,SERP not pulled. Volume stays blank until measured.
romantic getaways in southern Indiana,regional_romantic,southern Indiana,yes,cached,,0,SERP cached. Semrush returned no organic record for this phrase.
romantic weekend getaways in southern Indiana,regional_romantic,southern Indiana,no,cached,,0,SERP cached. Semrush returned no organic record for this phrase.
secluded romantic getaways in southern Indiana,regional_romantic,southern Indiana,no,unchecked,,,SERP not pulled. Volume stays blank until measured.
romantic getaways in the Texas Hill Country,regional_romantic,the Texas Hill Country,yes,cached,,0,SERP cached. Semrush returned no organic record for this phrase.
romantic weekend getaways in the Texas Hill Country,regional_romantic,the Texas Hill Country,no,cached,,0,SERP cached. Semrush returned no organic record for this phrase.
secluded romantic getaways in the Texas Hill Country,regional_romantic,the Texas Hill Country,no,unchecked,,,SERP not pulled. Volume stays blank until measured.
romantic getaways in the Oregon Coast,regional_romantic,the Oregon Coast,yes,cached,,0,SERP cached. Semrush returned no organic record for this phrase.
romantic weekend getaways in the Oregon Coast,regional_romantic,the Oregon Coast,no,cached,,0,SERP cached. Semrush returned no organic record for this phrase.
secluded romantic getaways in the Oregon Coast,regional_romantic,the Oregon Coast,no,unchecked,,,SERP not pulled. Volume stays blank until measured.
romantic getaways in the Olympic Peninsula,regional_romantic,the Olympic Peninsula,yes,cached,,0,SERP cached. Semrush returned no organic record for this phrase.
romantic weekend getaways in the Olympic Peninsula,regional_romantic,the Olympic Peninsula,no,cached,,0,SERP cached. Semrush returned no organic record for this phrase.
secluded romantic getaways in the Olympic Peninsula,regional_romantic,the Olympic Peninsula,no,unchecked,,,SERP not pulled. Volume stays blank until measured.
romantic getaways in northern California,regional_romantic,northern California,yes,cached,,6,"SERP cached. 20 organic results, 6 outreach-ready articles. Search volume has not been measured."
romantic weekend getaways in northern California,regional_romantic,northern California,no,cached,,0,SERP cached. Semrush returned no organic record for this phrase.
secluded romantic getaways in northern California,regional_romantic,northern California,no,cached,,0,SERP cached. Semrush returned no organic record for this phrase.
romantic getaways in the California Central Coast,regional_romantic,the California Central Coast,yes,cached,,0,SERP cached. Semrush returned no organic record for this phrase.
romantic weekend getaways in the California Central Coast,regional_romantic,the California Central Coast,no,cached,,0,SERP cached. Semrush returned no organic record for this phrase.
secluded romantic getaways in the California Central Coast,regional_romantic,the California Central Coast,no,unchecked,,,SERP not pulled. Volume stays blank until measured.
romantic getaways in the San Juan Islands,regional_romantic,the San Juan Islands,yes,cached,,0,SERP cached. Semrush returned no organic record for this phrase.
romantic weekend getaways in the San Juan Islands,regional_romantic,the San Juan Islands,no,cached,,0,SERP cached. Semrush returned no organic record for this phrase.
secluded romantic getaways in the San Juan Islands,regional_romantic,the San Juan Islands,no,unchecked,,,SERP not pulled. Volume stays blank until measured.
romantic getaways in the Adirondacks,regional_romantic,the Adirondacks,no,cached,,1,"SERP cached. 20 organic results, 1 outreach-ready articles. Search volume has not been measured."
romantic weekend getaways in the Adirondacks,regional_romantic,the Adirondacks,no,cached,,0,SERP cached. Semrush returned no organic record for this phrase.
romantic getaways in the White Mountains,regional_romantic,the White Mountains,no,cached,,0,SERP cached. Semrush returned no organic record for this phrase.
romantic weekend getaways in the White Mountains,regional_romantic,the White Mountains,no,unchecked,,,SERP not pulled. Volume stays blank until measured.
romantic getaways in Cape Cod,regional_romantic,Cape Cod,no,cached,,2,"SERP cached. 20 organic results, 2 outreach-ready articles. Search volume has not been measured."
romantic weekend getaways in Cape Cod,regional_romantic,Cape Cod,no,cached,,0,SERP cached. Semrush returned no organic record for this phrase.
romantic getaways in the Outer Banks,regional_romantic,the Outer Banks,no,cached,,0,SERP cached. Semrush returned no organic record for this phrase.
romantic weekend getaways in the Outer Banks,regional_romantic,the Outer Banks,no,unchecked,,,SERP not pulled. Volume stays blank until measured.
romantic getaways in Napa Valley,regional_romantic,Napa Valley,no,cached,,0,"SERP cached. 18 organic results, 0 outreach-ready articles. Search volume has not been measured."
romantic weekend getaways in Napa Valley,regional_romantic,Napa Valley,no,cached,,0,SERP cached. Semrush returned no organic record for this phrase.
romantic getaways in Sonoma County,regional_romantic,Sonoma County,no,cached,,2,"SERP cached. 20 organic results, 2 outreach-ready articles. Search volume has not been measured."
romantic weekend getaways in Sonoma County,regional_romantic,Sonoma County,no,cached,,0,SERP cached. Semrush returned no organic record for this phrase.
romantic getaways in Lake Tahoe,regional_romantic,Lake Tahoe,no,cached,,2,"SERP cached. 19 organic results, 2 outreach-ready articles. Search volume has not been measured."
romantic weekend getaways in Lake Tahoe,regional_romantic,Lake Tahoe,no,cached,,0,SERP cached. Semrush returned no organic record for this phrase.
romantic getaways in the Florida Keys,regional_romantic,the Florida Keys,no,cached,,0,SERP cached. Semrush returned no organic record for this phrase.
romantic weekend getaways in the Florida Keys,regional_romantic,the Florida Keys,no,unchecked,,,SERP not pulled. Volume stays blank until measured.
romantic getaways from Boston,from_city,Boston,yes,cached,,0,SERP cached. Semrush returned no organic record for this phrase.
weekend getaways from Boston for couples,from_city,Boston,no,unchecked,,,SERP not pulled. Volume stays blank until measured.
romantic getaways near Boston,from_city,Boston,no,cached,,2,"SERP cached. 20 organic results, 2 outreach-ready articles. Search volume has not been measured."
romantic getaways from New York City,from_city,New York City,yes,cached,,0,SERP cached. Semrush returned no organic record for this phrase.
weekend getaways from New York City for couples,from_city,New York City,no,unchecked,,,SERP not pulled. Volume stays blank until measured.
romantic getaways near New York City,from_city,New York City,no,cached,,0,SERP cached. Semrush returned no organic record for this phrase.
romantic getaways from Philadelphia,from_city,Philadelphia,yes,cached,,0,SERP cached. Semrush returned no organic record for this phrase.
weekend getaways from Philadelphia for couples,from_city,Philadelphia,no,unchecked,,,SERP not pulled. Volume stays blank until measured.
romantic getaways near Philadelphia,from_city,Philadelphia,no,cached,,1,"SERP cached. 20 organic results, 1 outreach-ready articles. Search volume has not been measured."
romantic getaways from Washington DC,from_city,Washington DC,yes,cached,,3,"SERP cached. 20 organic results, 3 outreach-ready articles. Search volume has not been measured."
weekend getaways from Washington DC for couples,from_city,Washington DC,no,unchecked,,,SERP not pulled. Volume stays blank until measured.
romantic getaways near Washington DC,from_city,Washington DC,no,cached,,3,"SERP cached. 20 organic results, 3 outreach-ready articles. Search volume has not been measured."
romantic getaways from Baltimore,from_city,Baltimore,yes,cached,,0,SERP cached. Semrush returned no organic record for this phrase.
weekend getaways from Baltimore for couples,from_city,Baltimore,no,unchecked,,,SERP not pulled. Volume stays blank until measured.
romantic getaways near Baltimore,from_city,Baltimore,no,cached,,0,SERP cached. Semrush returned no organic record for this phrase.
romantic getaways from Pittsburgh,from_city,Pittsburgh,yes,cached,,0,SERP cached. Semrush returned no organic record for this phrase.
weekend getaways from Pittsburgh for couples,from_city,Pittsburgh,no,unchecked,,,SERP not pulled. Volume stays blank until measured.
romantic getaways near Pittsburgh,from_city,Pittsburgh,no,cached,,1,"SERP cached. 20 organic results, 1 outreach-ready articles. Search volume has not been measured."
romantic getaways from Chicago,from_city,Chicago,yes,cached,,2,"SERP cached. 20 organic results, 2 outreach-ready articles. Search volume has not been measured."
weekend getaways from Chicago for couples,from_city,Chicago,no,unchecked,,,SERP not pulled. Volume stays blank until measured.
romantic getaways near Chicago,from_city,Chicago,no,cached,,2,"SERP cached. 20 organic results, 2 outreach-ready articles. Search volume has not been measured."
romantic getaways from Detroit,from_city,Detroit,yes,cached,,0,SERP cached. Semrush returned no organic record for this phrase.
weekend getaways from Detroit for couples,from_city,Detroit,no,unchecked,,,SERP not pulled. Volume stays blank until measured.
romantic getaways near Detroit,from_city,Detroit,no,cached,,0,SERP cached. Semrush returned no organic record for this phrase.
romantic getaways from Minneapolis,from_city,Minneapolis,yes,cached,,0,SERP cached. Semrush returned no organic record for this phrase.
weekend getaways from Minneapolis for couples,from_city,Minneapolis,no,unchecked,,,SERP not pulled. Volume stays blank until measured.
romantic getaways near Minneapolis,from_city,Minneapolis,no,cached,,0,SERP cached. Semrush returned no organic record for this phrase.
romantic getaways from Indianapolis,from_city,Indianapolis,yes,cached,,0,SERP cached. Semrush returned no organic record for this phrase.
weekend getaways from Indianapolis for couples,from_city,Indianapolis,no,unchecked,,,SERP not pulled. Volume stays blank until measured.
romantic getaways near Indianapolis,from_city,Indianapolis,no,cached,,0,"SERP cached. 20 organic results, 0 outreach-ready articles. Search volume has not been measured."
romantic getaways from Cincinnati,from_city,Cincinnati,yes,cached,,0,SERP cached. Semrush returned no organic record for this phrase.
weekend getaways from Cincinnati for couples,from_city,Cincinnati,no,unchecked,,,SERP not pulled. Volume stays blank until measured.
romantic getaways near Cincinnati,from_city,Cincinnati,no,cached,,2,"SERP cached. 20 organic results, 2 outreach-ready articles. Search volume has not been measured."
romantic getaways from Nashville,from_city,Nashville,yes,cached,,0,SERP cached. Semrush returned no organic record for this phrase.
weekend getaways from Nashville for couples,from_city,Nashville,no,unchecked,,,SERP not pulled. Volume stays blank until measured.
romantic getaways near Nashville,from_city,Nashville,no,cached,,3,"SERP cached. 20 organic results, 3 outreach-ready articles. Search volume has not been measured."
romantic getaways from Charlotte,from_city,Charlotte,yes,cached,,0,SERP cached. Semrush returned no organic record for this phrase.
weekend getaways from Charlotte for couples,from_city,Charlotte,no,unchecked,,,SERP not pulled. Volume stays blank until measured.
romantic getaways near Charlotte,from_city,Charlotte,no,cached,,3,"SERP cached. 20 organic results, 3 outreach-ready articles. Search volume has not been measured."
romantic getaways from Atlanta,from_city,Atlanta,yes,cached,,0,SERP cached. Semrush returned no organic record for this phrase.
weekend getaways from Atlanta for couples,from_city,Atlanta,no,unchecked,,,SERP not pulled. Volume stays blank until measured.
romantic getaways near Atlanta,from_city,Atlanta,no,cached,,1,"SERP cached. 20 organic results, 1 outreach-ready articles. Search volume has not been measured."
romantic getaways from Dallas,from_city,Dallas,yes,cached,,3,"SERP cached. 20 organic results, 3 outreach-ready articles. Search volume has not been measured."
weekend getaways from Dallas for couples,from_city,Dallas,no,unchecked,,,SERP not pulled. Volume stays blank until measured.
romantic getaways near Dallas,from_city,Dallas,no,cached,,1,"SERP cached. 20 organic results, 1 outreach-ready articles. Search volume has not been measured."
romantic getaways from Austin,from_city,Austin,yes,cached,,0,SERP cached. Semrush returned no organic record for this phrase.
weekend getaways from Austin for couples,from_city,Austin,no,unchecked,,,SERP not pulled. Volume stays blank until measured.
romantic getaways near Austin,from_city,Austin,no,cached,,3,"SERP cached. 20 organic results, 3 outreach-ready articles. Search volume has not been measured."
romantic getaways from Denver,from_city,Denver,yes,cached,,0,SERP cached. Semrush returned no organic record for this phrase.
weekend getaways from Denver for couples,from_city,Denver,no,unchecked,,,SERP not pulled. Volume stays blank until measured.
romantic getaways near Denver,from_city,Denver,no,cached,,0,"SERP cached. 20 organic results, 0 outreach-ready articles. Search volume has not been measured."
romantic getaways from Seattle,from_city,Seattle,yes,cached,,0,SERP cached. Semrush returned no organic record for this phrase.
weekend getaways from Seattle for couples,from_city,Seattle,no,unchecked,,,SERP not pulled. Volume stays blank until measured.
romantic getaways near Seattle,from_city,Seattle,no,cached,,5,"SERP cached. 20 organic results, 5 outreach-ready articles. Search volume has not been measured."
romantic getaways from Portland,from_city,Portland,yes,cached,,0,SERP cached. Semrush returned no organic record for this phrase.
weekend getaways from Portland for couples,from_city,Portland,no,unchecked,,,SERP not pulled. Volume stays blank until measured.
romantic getaways near Portland,from_city,Portland,no,cached,,4,"SERP cached. 20 organic results, 4 outreach-ready articles. Search volume has not been measured."
romantic getaways from San Francisco,from_city,San Francisco,yes,cached,,0,SERP cached. Semrush returned no organic record for this phrase.
weekend getaways from San Francisco for couples,from_city,San Francisco,no,unchecked,,,SERP not pulled. Volume stays blank until measured.
romantic getaways near San Francisco,from_city,San Francisco,no,cached,,0,SERP cached. Semrush returned no organic record for this phrase.
romantic getaways from Los Angeles,from_city,Los Angeles,no,unchecked,,,SERP not pulled. Volume stays blank until measured.
weekend getaways from Los Angeles for couples,from_city,Los Angeles,no,unchecked,,,SERP not pulled. Volume stays blank until measured.
romantic getaways near Los Angeles,from_city,Los Angeles,no,cached,,6,"SERP cached. 20 organic results, 6 outreach-ready articles. Search volume has not been measured."
romantic getaways from Miami,from_city,Miami,no,unchecked,,,SERP not pulled. Volume stays blank until measured.
weekend getaways from Miami for couples,from_city,Miami,no,unchecked,,,SERP not pulled. Volume stays blank until measured.
romantic getaways near Miami,from_city,Miami,no,cached,,0,SERP cached. Semrush returned no organic record for this phrase.
romantic getaways from Houston,from_city,Houston,no,unchecked,,,SERP not pulled. Volume stays blank until measured.
weekend getaways from Houston for couples,from_city,Houston,no,unchecked,,,SERP not pulled. Volume stays blank until measured.
romantic getaways near Houston,from_city,Houston,no,cached,,5,"SERP cached. 18 organic results, 5 outreach-ready articles. Search volume has not been measured."
romantic getaways from Phoenix,from_city,Phoenix,no,unchecked,,,SERP not pulled. Volume stays blank until measured.
weekend getaways from Phoenix for couples,from_city,Phoenix,no,unchecked,,,SERP not pulled. Volume stays blank until measured.
romantic getaways near Phoenix,from_city,Phoenix,no,cached,,0,SERP cached. Semrush returned no organic record for this phrase.
romantic getaways from San Diego,from_city,San Diego,no,unchecked,,,SERP not pulled. Volume stays blank until measured.
weekend getaways from San Diego for couples,from_city,San Diego,no,unchecked,,,SERP not pulled. Volume stays blank until measured.
romantic getaways near San Diego,from_city,San Diego,no,cached,,6,"SERP cached. 16 organic results, 6 outreach-ready articles. Search volume has not been measured."
romantic hotels in Asheville,accommodation_guides,Asheville,yes,cached,,0,SERP cached. Semrush returned no organic record for this phrase.
romantic places to stay in Asheville,accommodation_guides,Asheville,no,cached,,2,"SERP cached. 20 organic results, 2 outreach-ready articles. Search volume has not been measured."
romantic hotels in Cape Cod,accommodation_guides,Cape Cod,no,cached,,3,"SERP cached. 20 organic results, 3 outreach-ready articles. Search volume has not been measured."
romantic places to stay in Cape Cod,accommodation_guides,Cape Cod,no,unchecked,,,SERP not pulled. Volume stays blank until measured.
romantic inns in Cape Cod,accommodation_guides,Cape Cod,yes,cached,,0,SERP cached. Semrush returned no organic record for this phrase.
romantic hotels in Newport RI,accommodation_guides,Newport RI,no,cached,,2,"SERP cached. 20 organic results, 2 outreach-ready articles. Search volume has not been measured."
romantic places to stay in Newport RI,accommodation_guides,Newport RI,no,unchecked,,,SERP not pulled. Volume stays blank until measured.
romantic bed and breakfasts in Newport RI,accommodation_guides,Newport RI,yes,cached,,0,SERP cached. Semrush returned no organic record for this phrase.
romantic hotels in Sedona,accommodation_guides,Sedona,yes,cached,,1,"SERP cached. 20 organic results, 1 outreach-ready articles. Search volume has not been measured."
romantic places to stay in Sedona,accommodation_guides,Sedona,no,cached,,2,"SERP cached. 20 organic results, 2 outreach-ready articles. Search volume has not been measured."
romantic hotels in Savannah,accommodation_guides,Savannah,yes,cached,,0,"SERP cached. 20 organic results, 0 outreach-ready articles. Search volume has not been measured."
romantic places to stay in Savannah,accommodation_guides,Savannah,no,cached,,0,SERP cached. Semrush returned no organic record for this phrase.
romantic hotels in Charleston SC,accommodation_guides,Charleston SC,yes,cached,,1,"SERP cached. 20 organic results, 1 outreach-ready articles. Search volume has not been measured."
romantic places to stay in Charleston SC,accommodation_guides,Charleston SC,no,cached,,1,"SERP cached. 20 organic results, 1 outreach-ready articles. Search volume has not been measured."
romantic hotels in Eureka Springs,accommodation_guides,Eureka Springs,yes,cached,,3,"SERP cached. 20 organic results, 3 outreach-ready articles. Search volume has not been measured."
romantic places to stay in Eureka Springs,accommodation_guides,Eureka Springs,no,cached,,3,"SERP cached. 20 organic results, 3 outreach-ready articles. Search volume has not been measured."
romantic hotels in Galena IL,accommodation_guides,Galena IL,yes,cached,,0,"SERP cached. 20 organic results, 0 outreach-ready articles. Search volume has not been measured."
romantic places to stay in Galena IL,accommodation_guides,Galena IL,no,cached,,1,"SERP cached. 20 organic results, 1 outreach-ready articles. Search volume has not been measured."
romantic hotels in Leavenworth WA,accommodation_guides,Leavenworth WA,yes,cached,,0,"SERP cached. 20 organic results, 0 outreach-ready articles. Search volume has not been measured."
romantic places to stay in Leavenworth WA,accommodation_guides,Leavenworth WA,no,cached,,0,SERP cached. Semrush returned no organic record for this phrase.
romantic hotels in Palm Springs,accommodation_guides,Palm Springs,yes,cached,,1,"SERP cached. 20 organic results, 1 outreach-ready articles. Search volume has not been measured."
romantic places to stay in Palm Springs,accommodation_guides,Palm Springs,no,cached,,3,"SERP cached. 20 organic results, 3 outreach-ready articles. Search volume has not been measured."
romantic hotels in Bar Harbor,accommodation_guides,Bar Harbor,no,cached,,0,SERP cached. Semrush returned no organic record for this phrase.
romantic places to stay in Bar Harbor,accommodation_guides,Bar Harbor,no,cached,,0,SERP cached. Semrush returned no organic record for this phrase.
romantic hotels in Stowe,accommodation_guides,Stowe,no,cached,,0,SERP cached. Semrush returned no organic record for this phrase.
romantic places to stay in Stowe,accommodation_guides,Stowe,no,cached,,0,SERP cached. Semrush returned no organic record for this phrase.
romantic hotels in Woodstock NY,accommodation_guides,Woodstock NY,no,cached,,0,SERP cached. Semrush returned no organic record for this phrase.
romantic places to stay in Woodstock NY,accommodation_guides,Woodstock NY,no,unchecked,,,SERP not pulled. Volume stays blank until measured.
romantic hotels in Hot Springs AR,accommodation_guides,Hot Springs AR,no,cached,,1,"SERP cached. 20 organic results, 1 outreach-ready articles. Search volume has not been measured."
romantic places to stay in Hot Springs AR,accommodation_guides,Hot Springs AR,no,cached,,0,SERP cached. Semrush returned no organic record for this phrase.
romantic hotels in Fredericksburg TX,accommodation_guides,Fredericksburg TX,no,cached,,1,"SERP cached. 20 organic results, 1 outreach-ready articles. Search volume has not been measured."
romantic places to stay in Fredericksburg TX,accommodation_guides,Fredericksburg TX,no,cached,,0,"SERP cached. 20 organic results, 0 outreach-ready articles. Search volume has not been measured."
romantic hotels in Cannon Beach,accommodation_guides,Cannon Beach,no,cached,,0,SERP cached. Semrush returned no organic record for this phrase.
romantic places to stay in Cannon Beach,accommodation_guides,Cannon Beach,no,unchecked,,,SERP not pulled. Volume stays blank until measured.
romantic hotels in Napa,accommodation_guides,Napa,no,cached,,1,"SERP cached. 20 organic results, 1 outreach-ready articles. Search volume has not been measured."
romantic places to stay in Napa,accommodation_guides,Napa,no,cached,,2,"SERP cached. 20 organic results, 2 outreach-ready articles. Search volume has not been measured."
romantic hotels in Santa Barbara,accommodation_guides,Santa Barbara,no,cached,,0,"SERP cached. 20 organic results, 0 outreach-ready articles. Search volume has not been measured."
romantic places to stay in Santa Barbara,accommodation_guides,Santa Barbara,no,cached,,2,"SERP cached. 20 organic results, 2 outreach-ready articles. Search volume has not been measured."
romantic hotels in Key West,accommodation_guides,Key West,no,cached,,0,"SERP cached. 20 organic results, 0 outreach-ready articles. Search volume has not been measured."
romantic places to stay in Key West,accommodation_guides,Key West,no,cached,,1,"SERP cached. 20 organic results, 1 outreach-ready articles. Search volume has not been measured."
romantic hotels in New Orleans,accommodation_guides,New Orleans,no,cached,,1,"SERP cached. 20 organic results, 1 outreach-ready articles. Search volume has not been measured."
romantic places to stay in New Orleans,accommodation_guides,New Orleans,no,cached,,3,"SERP cached. 20 organic results, 3 outreach-ready articles. Search volume has not been measured."
hotels with private hot tubs in Asheville,amenity,Asheville,no,cached,,0,SERP cached. Semrush returned no organic record for this phrase.
romantic hotels with fireplaces in Asheville,amenity,Asheville,no,unchecked,,,SERP not pulled. Volume stays blank until measured.
hotels with private hot tubs in Cape Cod,amenity,Cape Cod,no,cached,,0,SERP cached. Semrush returned no organic record for this phrase.
romantic hotels with fireplaces in Cape Cod,amenity,Cape Cod,no,unchecked,,,SERP not pulled. Volume stays blank until measured.
hotels with private hot tubs in Newport RI,amenity,Newport RI,no,unchecked,,,SERP not pulled. Volume stays blank until measured.
romantic hotels with fireplaces in Newport RI,amenity,Newport RI,no,unchecked,,,SERP not pulled. Volume stays blank until measured.
hotels with private hot tubs in Sedona,amenity,Sedona,no,cached,,0,SERP cached. Semrush returned no organic record for this phrase.
romantic hotels with fireplaces in Sedona,amenity,Sedona,no,unchecked,,,SERP not pulled. Volume stays blank until measured.
hotels with private hot tubs in Savannah,amenity,Savannah,no,cached,,0,SERP cached. Semrush returned no organic record for this phrase.
romantic hotels with fireplaces in Savannah,amenity,Savannah,no,unchecked,,,SERP not pulled. Volume stays blank until measured.
hotels with private hot tubs in Charleston SC,amenity,Charleston SC,no,cached,,0,SERP cached. Semrush returned no organic record for this phrase.
romantic hotels with fireplaces in Charleston SC,amenity,Charleston SC,no,unchecked,,,SERP not pulled. Volume stays blank until measured.
hotels with private hot tubs in Eureka Springs,amenity,Eureka Springs,no,cached,,0,SERP cached. Semrush returned no organic record for this phrase.
romantic hotels with fireplaces in Eureka Springs,amenity,Eureka Springs,no,unchecked,,,SERP not pulled. Volume stays blank until measured.
hotels with private hot tubs in Galena IL,amenity,Galena IL,no,unchecked,,,SERP not pulled. Volume stays blank until measured.
romantic hotels with fireplaces in Galena IL,amenity,Galena IL,no,unchecked,,,SERP not pulled. Volume stays blank until measured.
hotels with private hot tubs in Leavenworth WA,amenity,Leavenworth WA,no,unchecked,,,SERP not pulled. Volume stays blank until measured.
romantic hotels with fireplaces in Leavenworth WA,amenity,Leavenworth WA,no,unchecked,,,SERP not pulled. Volume stays blank until measured.
hotels with private hot tubs in Palm Springs,amenity,Palm Springs,no,cached,,0,SERP cached. Semrush returned no organic record for this phrase.
romantic hotels with fireplaces in Palm Springs,amenity,Palm Springs,no,unchecked,,,SERP not pulled. Volume stays blank until measured.
hotels with private hot tubs in Bar Harbor,amenity,Bar Harbor,no,cached,,0,SERP cached. Semrush returned no organic record for this phrase.
romantic hotels with fireplaces in Bar Harbor,amenity,Bar Harbor,no,unchecked,,,SERP not pulled. Volume stays blank until measured.
hotels with private hot tubs in Stowe,amenity,Stowe,no,cached,,0,SERP cached. Semrush returned no organic record for this phrase.
romantic hotels with fireplaces in Stowe,amenity,Stowe,no,unchecked,,,SERP not pulled. Volume stays blank until measured.
romantic weekend in the Hudson Valley,overnight_itinerary,the Hudson Valley,no,cached,,0,SERP cached. Semrush returned no organic record for this phrase.
anniversary weekend in the Hudson Valley,overnight_itinerary,the Hudson Valley,no,unchecked,,,SERP not pulled. Volume stays blank until measured.
romantic weekend in the Catskills,overnight_itinerary,the Catskills,no,cached,,0,SERP cached. Semrush returned no organic record for this phrase.
anniversary weekend in the Catskills,overnight_itinerary,the Catskills,no,unchecked,,,SERP not pulled. Volume stays blank until measured.
romantic weekend in the Finger Lakes,overnight_itinerary,the Finger Lakes,no,cached,,0,SERP cached. Semrush returned no organic record for this phrase.
anniversary weekend in the Finger Lakes,overnight_itinerary,the Finger Lakes,no,unchecked,,,SERP not pulled. Volume stays blank until measured.
romantic weekend in the Poconos,overnight_itinerary,the Poconos,no,cached,,0,SERP cached. Semrush returned no organic record for this phrase.
anniversary weekend in the Poconos,overnight_itinerary,the Poconos,no,unchecked,,,SERP not pulled. Volume stays blank until measured.
romantic weekend in the Berkshires,overnight_itinerary,the Berkshires,no,cached,,0,SERP cached. Semrush returned no organic record for this phrase.
anniversary weekend in the Berkshires,overnight_itinerary,the Berkshires,no,unchecked,,,SERP not pulled. Volume stays blank until measured.
romantic weekend in New England,overnight_itinerary,New England,no,cached,,0,SERP cached. Semrush returned no organic record for this phrase.
anniversary weekend in New England,overnight_itinerary,New England,no,unchecked,,,SERP not pulled. Volume stays blank until measured.
romantic weekend in Lancaster PA,overnight_itinerary,Lancaster PA,no,cached,,0,SERP cached. Semrush returned no organic record for this phrase.
anniversary weekend in Lancaster PA,overnight_itinerary,Lancaster PA,no,unchecked,,,SERP not pulled. Volume stays blank until measured.
romantic weekend in Shenandoah Valley,overnight_itinerary,Shenandoah Valley,no,cached,,0,SERP cached. Semrush returned no organic record for this phrase.
anniversary weekend in Shenandoah Valley,overnight_itinerary,Shenandoah Valley,no,unchecked,,,SERP not pulled. Volume stays blank until measured.
romantic weekend in the Blue Ridge Mountains,overnight_itinerary,the Blue Ridge Mountains,no,cached,,0,SERP cached. Semrush returned no organic record for this phrase.
anniversary weekend in the Blue Ridge Mountains,overnight_itinerary,the Blue Ridge Mountains,no,unchecked,,,SERP not pulled. Volume stays blank until measured.
romantic weekend in the Smoky Mountains,overnight_itinerary,the Smoky Mountains,no,cached,,0,SERP cached. Semrush returned no organic record for this phrase.
anniversary weekend in the Smoky Mountains,overnight_itinerary,the Smoky Mountains,no,unchecked,,,SERP not pulled. Volume stays blank until measured.
romantic weekend in the Ozarks,overnight_itinerary,the Ozarks,no,cached,,0,SERP cached. Semrush returned no organic record for this phrase.
anniversary weekend in the Ozarks,overnight_itinerary,the Ozarks,no,unchecked,,,SERP not pulled. Volume stays blank until measured.
romantic weekend in Door County,overnight_itinerary,Door County,no,cached,,0,SERP cached. Semrush returned no organic record for this phrase.
anniversary weekend in Door County,overnight_itinerary,Door County,no,unchecked,,,SERP not pulled. Volume stays blank until measured.
romantic getaways in Pennsylvania,state_gap,Pennsylvania,yes,cached,,2,"SERP cached. 20 organic results, 2 outreach-ready articles. Search volume has not been measured."
romantic getaways in Massachusetts,state_gap,Massachusetts,yes,cached,,5,"SERP cached. 20 organic results, 5 outreach-ready articles. Search volume has not been measured."
romantic getaways in Vermont,state_gap,Vermont,yes,cached,,2,"SERP cached. 20 organic results, 2 outreach-ready articles. Search volume has not been measured."
romantic getaways in New Hampshire,state_gap,New Hampshire,yes,cached,,4,"SERP cached. 20 organic results, 4 outreach-ready articles. Search volume has not been measured."
romantic getaways in Maine,state_gap,Maine,yes,cached,,3,"SERP cached. 20 organic results, 3 outreach-ready articles. Search volume has not been measured."
romantic getaways in Connecticut,state_gap,Connecticut,yes,cached,,6,"SERP cached. 20 organic results, 6 outreach-ready articles. Search volume has not been measured."
romantic getaways in Rhode Island,state_gap,Rhode Island,yes,cached,,3,"SERP cached. 20 organic results, 3 outreach-ready articles. Search volume has not been measured."
romantic getaways in Maryland,state_gap,Maryland,yes,cached,,1,"SERP cached. 20 organic results, 1 outreach-ready articles. Search volume has not been measured."
romantic getaways in Minnesota,state_gap,Minnesota,yes,cached,,2,"SERP cached. 20 organic results, 2 outreach-ready articles. Search volume has not been measured."
romantic getaways in South Carolina,state_gap,South Carolina,yes,cached,,2,"SERP cached. 20 organic results, 2 outreach-ready articles. Search volume has not been measured."
